Name,Description
Lager,"Along with ale, lager is one of the two main beer categories, and in terms of production, it is the most common beer style in the world. The main distinction between lagers and ales depends on the type of yeast. Lagers use Saccharomyces pastorianus, generally known as bottom-fermenting yeasts, which ferment more slowly and at cooler temperatures than ale yeasts. However, there are several exceptions to the rule, and some beer styles don’t necessarily fit in one category. Lagers come in a wide variety of styles, which differ in color, alcohol content, and flavors, but they tend to have a cleaner and crispier character than ales. Some of the most popular examples include pilsner, dunkel, helles, and bock styles. Lager style originated in central Europe, but Bavaria is considered as its spiritual home. Following the German beer purity law (Reinheitsgebot) introduced in 1516 by Duke Wilhelm IV of Bavaria, all beer in Bavaria had to be brewed during cooler months, between October and April. This inadvertently directed the entire region in the production of cold-fermenting lagers. The word lager originates from German lagern, meaning to store. The name relates to the maturation (lagering) period in which fermented brew is stored for several weeks or several months. Cooler central European climate proved suitable for lagering, and lagers were only internationally popularized in the late 19th century after advancements in mechanical refrigeration. Because the lager family is incredibly diverse, the examples can match a wide variety of dishes. "
Riesling,"Riesling most likely hails from the Rhine region of Germany, but it has shown great success in other European wine regions, primary Austria and Alsace, as well as the United States and Australia. However, the best expressions of the grape are thought to be in Germany where Riesling remains the most planted grape variety. Always high in natural acidity, Riesling wines are incredibly versatile and may range from dry, medium dry or medium sweet to sweet styles. Their primary aromas include a complex combination of ripe peaches, nectarines, pears, apples, and citrus that are often accompanied by herbal, floral, mineral, and earthy nuances, while a distinctive element found in aged Riesling wines is the smoky aroma of petrol. Because of their versatile styles, German Riesling wines tend to be incredibly food-friendly. While dry styles perfectly match poultry, fish, pork, cream sauces, and especially fried and spicy food, sweeter styles can pair well with blue cheese, foie gras, and fruit-based desserts."
Helles,"Helles is a German-style lager that first appeared in Munich in 1894. It was a Bavarian answer to light Czech pilsner. Although Bavaria heavily relied on strong and dark lagers, the popularity of crisp and golden pilsner beers influenced Bavarian brewers to start producing a similar style. Traditional Helles is typically more malt-forward and has a firmer body than pilsner and other lager styles, but still remains soft and medium-bodied. It is clean, easy-drinking, refined, fresh, and dry, with light hop bitterness and subtle malt sweetness. Helles-style beers are typically quite refreshing and usually range from 4.8 to 5.2% ABV, but those above 5% are often classified as Bavarian Export. Helles lagers would pair well with light dishes, including salads and seafood, but they can also match spicy and flavor-packed dishes, as well as traditional German fare and mild cheese varieties. "
Jaegermeister,"This popular German herbal liqueur was developed in 1934 by Curt Mast. He created the base of the drink with 56 different herbs, roots, and fruits that are macerated in a combination of alcohol and water. The procedure is repeated several times, and the drink is left to age in oak casks before it is combined with alcohol, caramel, sugar, and water to achieve a drinking strength of 35% vol. Since Mast was a hunter, he drew the inspiration for the now classic Jägermeister logo—a stag with a glowing cross between its antlers—from the tale of St. Hubertus, the patron saint of hunters. Nowadays, Jägermeister is a renowned international drink that should always be served ice-cold and is predominantly enjoyed as a shot, but it can also blend well in cocktails."
Gluehwein,"Glühwein is a type of mulled wine enjoyed in Germany, Austria, and Switzerland. It is a staple at Christmas markets and is often enjoyed as an après-ski drink. This German version is a classic, combining red wine, citrus zest, and spices such as anise, cinnamon, and cloves. It is usually sweetened to taste. The ingredients are mixed and heated and should never be boiled. Variations sometimes use white instead of red wine, and some versions come with a liquor shot (mit Schuss). First bottled versions of German mulled wine appeared in Augsburg in the 1950s, and often these pre-sweetened and pre-spiced versions are reheated and served at Glühwein stands. One of the most interesting variations of the drink is called Feuerzangenbowle. It is made with a rum-soaked sugarloaf that is suspended over mulled wine and set on fire. The sugar then melts and slowly drips into the wine. "
Dunkel,"Dunkel is a German dark lager that is mostly associated with Bavaria and Munich. This dark beer, which can range from copper to dark brown, is mainly brewed from Munich malt which gives the beer its typical caramel-like and toasty character. The beers that fall under this category will typically be smooth, medium-bodied, easy-drinking, subtly sweet, and not too heavy. Typical toasty notes may be accompanied by caramel, toffee, and nut aromas, while hop character can be present but should remain subtle. Dunkel beers pair exceptionally well with classic Bavarian dishes such as sausages, fruit-based sauces, and roasted or barbecued meat.  "
Weissbier,"Weissbier is a classic Bavarian wheat ale that is top-fermented and characterized by its mousse-like foam and cloudy appearance—which is a result of a large proportion of wheat and a small amount of barley malt used in its production. German weissbier has to be made with at least 50% malted wheat, but most producers use more than the minimum. These beers are fermented with yeast strains that provide typical clove, banana, smoke, and occasionally even bubble gum aroma. Weissbiers are typically malty and subtly bitter, and though they are traditionally fermented in the bottle, this practice has become rare. Nevertheless, they retain their lightness, creamy texture, and effervescence. Although this beer style is nowadays mostly associated with Bavaria, wheat beers have been produced since antiquity. The European origin is believed to be in the Czech Bohemia, from where it spread to Bavaria. Throughout the centuries, it declined in popularity, but following the 1960s it gained back its former glory and became one of the most sought-after styles in Germany and in the world. These food-friendly beers pair with poultry, sausages, seafood, light dishes, and salads as well as fresh and creamy cheese varieties.  "
Koelsch,"Kölsch (the Low German name for Cologne) is a specialty beer brewed only in Cologne. A document known as the Kölsch Convention was signed in 1986 by the directors of two dozen Kölsch breweries, ensuring that Kölsch beer can only be brewed in Cologne and its surrounding area, and nowhere else in the world. The guidelines stipulated that Kölsch is not only a type of beer, but also a designation of origin. They specify that true Kölsch beer is a pale yellow, clear, highly fermented, fully-rounded ale, brewed according to the German Beer Purity Law of 1516. It is the lightest ale in Germany, and it is served in traditional, tall, cylindrical Kölsch glasses. Kölsch is usually enjoyed in a traditional beer pubs known as Kölschkneipe or Brauhaus. There, the 'Köbes' (special waiters dressed in blue aprons with a rough Kölsch dialect) serve this fantastic ale one after another until you signal you have had enough by placing your coaster on top of your glass."
Eiskaffee,"This German-style ice coffee is a combination of chilled brewed coffee and ice cream. It is usually made with an extended espresso and a scoop of vanilla ice cream, and though it is not sweetened, it can incorporate a splash of rum. Eiskaffee is usually served in a tall glass, together with a spoon and a straw. Traditionally, it is topped with unsweetened whipped cream. "
German Pilsner,"German Pilsner is a light, clean-tasting lager that was modeled on the namesake Czech variety. It is brewed from barley malt, and it typically has a flowery, herbal, and spicy hop bitterness that is balanced with a moderately malty backbone. First brews that were branded as German Pilsner were introduced in the 1870s, and though pilsner as a style first appeared in the Czech city Plzeň (Pilsen), it was created by a Bavarian Josef Groll. It is generally said that a separate German version was perfected following WWII and the introduction of modern brewing techniques as well as using local hops. When compared, German Pils is usually lighter in color, body, and hop bitterness. It also tends to be drier and crispier than Bohemian versions. This beer style is a food-friendly pairing that goes well with spicy and hearty dishes, as wells as grilled meat, sausages, hamburgers, and seafood.  "
Bock,"Bock beer is a German bottom fermenting lager that nowadays comes in a wide range of sub-styles. Traditional versions may range from golden to amber, and sometimes even dark brown. They are typically lightly hopped, rich, creamy, smooth, and malty, with toasty and occasionally caramel notes. Alcohol content falls within the ABV range of 6.3 to 7.6%, and the beer is traditionally served in a tulip glass. Its origin dates back to the fourteenth century and the city of Einbeck where the beer was brewed by certified master brewers who followed a unique set of quality standards which were established by the city council. By the seventeenth century, the beer gained in popularity and was especially favored in Munich, where it was originally named Ainpöckische Bier—which later led to the corruption of the name, initially as Oanpock and then as Bockbier (bock beer). Translated from German, bock stands for Billy goat, which was subsequently often used in advertisements and as a common logo for bock beer. The most common sub-styles of bock bier include Maibock, Doppelbock, Eisbock, and Weizenbock. Bock beer pairs well with hearty German dishes, soft and matured cheeses, spicy dishes, roasted or fried meat, and sausages. "
Rauchbier,"Rauchbier is a German beer style that is associated with Franconia and the city of Bamberg. Translated as smoked beer, the style is made with smoked malt, and it initially appeared in the 14th century. At the time, using smoked malt was the standard, but the invention of drum kiln, which allowed for the malt to be dried without the exposure to the open flame, became the preferred technique in the 1880s. However, the tradition remained in Bamberg, where the brewers stuck to the old tradition of producing beers with distinctive smoky elements. Nowadays, the style is almost synonymous with two Bamberg-based breweries: Schlenkerla and Spezial. These amber lagers are usually clean and clear with medium hop bitterness, while the aromas and flavors include a combination of smoke and malt. These beers are a great pairing with smoked or grilled meat, sausages, roasts, stews, flavorful cheese varieties. They can also be a good match with desserts."
Apfelwein,"Apfelwein is a traditional cider that is generally associated with Frankfurt and the state of Hesse. It is mainly made from cooking or dessert apples, and it comes in several styles, though dry (trocken) is the most common. German cider is usually light and tart with an alcohol content that generally falls between 5 to 7% ABV. Apfelwein has a long tradition in Hesse, but it became a household name in the 19th century, and it is now considered a signature regional drink. It is traditionally served in diamond-patterned glasses known as gerippte. Allegedly, this pattern was invented because people often used their hands while eating, and the ribbed design allowed them to have a better hold of the glass. When served communal style, it will come served in a bembel—a decorated clay pitcher that comes in several sizes. The standard serving size is 0.30-liter (10-oz). Although it is usually enjoyed neat, apfelwein can be mixed with soda (sauergespritzer), and in the wintertime, it is sometimes heated and flavored with cinnamon and cloves. Apart from Hesse, apfelwein is also produced in Baden-Württemberg, Rhineland-Palatinate, Saarland, and Bavaria. The only protected variety is Hessischer Apfelwein."
Kraeuterlikoer,"The term kräuterlikör denotes different types of European herb liqueurs, predominantly German, which are also known as halbbitter (half bitters). They appeared soon after the introduction of distillation and were primarily invented as medical remedies. The most notable kräuterlikör brands include Jägermeister, Underberg, Becherovka, Unicum, Riga Black Balsam, Killepitsch, Kuemmerling, and Aromatique. Although all varieties can be incorporated into cocktails and long drinks, they are traditionally enjoyed well-chilled and neat, preferably as a digestif."
Doppelbock,"Doppelbock is a German beer style that was first brewed in Munich by Paulaner monks. As the name might suggest—doppel translates as double—this style developed as a slightly stronger version of traditional German bock style. Doppelbock beers are usually medium-bodied with a color that ranges from golden to dark brown. They are rich and smooth with a distinctive malt sweetness that is balanced with subtle hop bitterness. Typical aromas include bread and toasty notes that can be accompanied by subtle hints of caramel. These beers usually have a slightly higher alcohol content that ranges from 7 to 8% ABV, but the finish should not be harsh or overpowering. It is recommended to pair them with pork, game, aged cheese, or chocolate desserts. "
Maerzen,"Märzen is a German beer style from Bavaria that is closely connected with Oktoberfestbier and shares some similarities with Vienna lager. This style officially appeared in 1841 when it was brewed by Spaten brewery, but a similar style existed well before that. Märzen is an amber-colored lager that has toasty malt aromas and flavors, dry finish, crisp hop bitterness, and a medium body. Original versions of these beers were somewhat darker, and as the name suggests—Märzen translates as March—they were brewed in March and then left to lager until early fall. These versions were stronger and had more body than modern styles. Since it was available in autumn, it was first served during Oktoberfest. Although Märzen and Oktoberfestbier share many similarities, nowadays only six breweries in Germany—Augustiner, Hacker-Pschorr, Hofbräuhaus, Löwenbräu, Paulaner, and Spaten—are allowed to use the designation Oktoberfestbier and serve their brews at Oktoberfest. Märzen is a food-friendly beer that works especially well with grilled, roasted, or smoked meat."
Schwarzbier,"Schwarzbier is a German dark lager style. These beers are not overly powerful or harsh, and they tend to be smooth and refreshing. The use of malted barley will give them a lightly roasted malt backbone that is accompanied by hints of chocolate, nuts, toast, and caramel. The finish is dry, clean and crisp, while hop bitterness is subtle and in good balance with its malty character. These beers would pair well with sausages, roasted or barbecued meat, washed-rind cheese varieties, and chocolate or fruit desserts. Schwarzbier is often quoted as one of the oldest beer styles in the world. Though the first written reference dates to 1390 Braunschweig (Brunswick), the true origin is believed to be in southeastern Germany, namely in Kulmbach, where archeological evidence of brewing similar beer was found in Iron Age Celtic tombs which date back to 800 BC. "
Berliner Weisse,"Berliner Weisse is a wheat beer that is characterized by low alcohol content, sour flavor, and a light body. Most representatives of the style are soured with the use of lactic acid bacteria, which gives the beer its specific funky, tart, and fizzy character. The origin of Berliner Weisse is unclear. Although there are several theories explaining its origin, the most probable claims that the style evolved from the now-extinct Breyhan or Broyhan beer from Hannover. Weisse was especially popular in the 19th century, and it is even said that when Napoleon encountered this beer style in Germany, he named it the Champagne of the north. By the late 1990s, the style almost disappeared, but lately it has been slowly revived, mostly by craft breweries. In Germany, these wheat beers are often served with raspberry (himbeer) or woodruff (waldmeister) sugar syrups. To mellow it down, sometimes the beer is also mixed with pilsner. Following this tradition, many modern brews may incorporate various fruit. Because of its crisp and refreshing flavor, Berlin Weisse beer is a food-friendly beer that goes well with a variety of dishes. Unsweetened versions would match fruit desserts, goat cheese, and salty snacks."
Altbier,"Altbier, meaning old beer, is a German beer style which originated in Düsseldorf. The style falls somewhere between a lager and an ale—the beers are fermented warm like ales but are then aged cool like lagers. The name altbier, which originated in the 1880s, refers to the traditional brewing process of using top-fermenting yeasts. The name arose to distinguish traditional brews from the new lagers that were mainly produced in Bavaria. Before that, it was simply known as bier. These full-bodied beers are typically malty, clean and crisp, while their color may range from copper to amber. They often have nutty and toasty aromas, with subtle fruity and peppery notes. Remaining complex without being too heavy, these beers can match roasted chicken or pork, different sausages, smoked salmon or grilled tuna as well as full-flavored and aged cheeses. Some varieties may even be a good match to apple, pear, or walnut-based desserts. Traditionally, altbier is served in a tall, straight glass."
Oktoberfestbier,"Oktoberfestbier is a protected designation used by six Munich breweries that serve their beer at Oktoberfest—the biggest beer festival in the world. The breweries include Augustiner, Hacker-Pschorr, Hofbräu, Löwenbräu, Paulaner, and Spaten. The beer that is served at the festival and which is labeled as Oktoberfestbier is usually synonymous with Märzen beer style, a smooth and malty lager with a light hop character. Their alcohol content typically varies from 5.5 to 6.2% ABV. Oktoberfest beer has to be produced in Munich, and it must be brewed according to the Bavarian Beer Purity Law, which was first introduced in 1487."
Dortmunder Export,"Dortmunder Export is a German beer style that was first brewed in the late 19th century. Named after the city where it originated, this beer style was modeled on pilsners, and it was primarily invented as a thirst-quenching brew for local industrial workers. Dortmunder is a pale and clear lager that has a bitter base and a good balance of malty sweetness and hop flavors. These beers come off smooth and malty, but at the same time, they remain crisp, easy-drinking, and refreshing. They typically range from 5 to 6% ABV. Serve them with pork, salads, seafood, or spicy dishes."
Weizenbock,"Weizenbock is a German beer style that was introduced in 1907 by the Schneider Weisse Brauhaus brewery located in Munich. Weizenbock was supposed to be a middle-ground between the rich and malty doppelbock and wheat beer (weissbier) that was popular at the time. The style comes in a pale and slightly darker version. Although both styles have a distinctive malt backbone, darker versions may have a richer malt profile and heavier toasty expressions with possible hints of caramel flavors and aromas of raisins and plums. Lighter varieties will usually have light toastiness and sweeter malt character. The style will also often display nuances of cloves and banana-like esters. Darker weizenbock beers are a better match with red meat, game, lamb, and stews, while lighter versions will better work will poultry, pork, and sausages. Both styles pair well with aged cheese and a variety of desserts."
Kirschwasser,"This clear, colorless fruit brandy is double-distilled from the fermented cherry mash. Because it was originally produced with sour morello cherries, it is believed that it first appeared in Schwarzwald, Germany, where the morello cherries were traditionally cultivated. The drink is mainly produced in Germany, Austria, Alsace, and Switzerland, with various, local cherry varieties. Because cherry pits are also crushed in the process, kirschwasser is characterized by its cherry notes, pungent flavor, and mild bitter-sweet finish. It can be served as an aperitif or a digestif, preferably well-chilled and over ice, but it also incorporates well into cocktails, desserts, cheese fondue, or even espresso."
Club-Mate,"Club-Mate is a caffeinated soft drink made from mate-extract, an infusion of dried yerba mate leaves. Compared to other soft drinks, it has a relatively low sugar content and a caffeine content of 20 mg per 100ml. It was originally formulated and marketed by Geola Beverages of Dietenhofen, Germany. Today it’s produced by the Loscher Brewery which was established in 1924. A wide variety of flavors are available such as Club-Mate IceT Kraftstoff, Club-Mate winter edition, and Club-Mate Granat, among others."
Jaegerbomb,"Jägerbomb is a German mixed drink that was originally made by dropping a shot of Jägermeister into a glass of beer, but the drink has evolved, and today it is usually prepared by combining Red Bull energy drink and a shot of Jägermeister. When mixed with Red Bull, due to the effect of caffeine in the drink, there have been many reports of hospitalized people after excessive consumption of modern Jägerbombs. Nowadays, there are a few more variations on the drink, such as the Jäger-Train, the Jäger-Ring, Turbo Jägerbomb, and Atomic Jägerbomb."
Underberg,"This German herbal liqueur is produced with the aromatic extraction of 43 herbs that results in an amber-colored, herbal drink, with notes of spices and licorice. The base is then aged in oak casks before it is adjusted with fresh spring water to reach the 44% ABV. Underberg is still produced following the original recipe, which dates back to 1851 and is only known by the members of Underberg family. The drink is traditionally enjoyed as a digestif, typically served in the signature tall glasses. It is sold in copyrighted 20ml bottles that are wrapped in straw paper."
Hefeweizen,"Hefeweizen is a German wheat beer originating in Bavaria, where it has become one of the region’s most recognized and widely enjoyed styles. The name combines “hefe,” meaning yeast, and “weizen,” meaning wheat, referring to its unfiltered nature and the high proportion of wheat malt in the grain bill. Hefeweizen is brewed with at least 50% malted wheat alongside pale barley malt, resulting in a hazy, pale golden appearance. The defining characteristic is the yeast strain used during fermentation, which produces signature aromas of banana and clove, along with subtle notes of bubblegum and vanilla. The brewing process employs warm fermentation temperatures that encourage the yeast to express these fruity and spicy phenolic compounds. The beer undergoes bottle conditioning, meaning it is packaged with residual yeast and allowed to naturally carbonate. This secondary fermentation develops fine bubbles and a gentle effervescence that lifts the aroma. Hefeweizen typically has moderate alcohol content, around 4.8–5.5%, and a smooth, creamy texture from both wheat proteins and suspended yeast. Hop bitterness is low, leaving the yeast and wheat to define the flavor profile. Hefeweizen is commonly served in tall, curved glasses that accommodate the large, frothy head and showcase its cloudy body. In Bavaria, it is enjoyed year-round, often with pretzels, sausages, or lighter dishes that complement its refreshing qualities. To pour it properly, the bottle is usually swirled at the end to release the last of the yeast into the glass. The taste is lively and slightly tart, with a soft finish that makes it highly drinkable. The style has influenced wheat beer production worldwide, inspiring brewers across Europe and North America to create their own versions, sometimes with creative interpretations of yeast character and malt composition. German purity laws, or Reinheitsgebot, historically shaped how Hefeweizen was brewed, though wheat beers were once exempt from certain rules due to their importance in Bavarian brewing heritage. Modern producers maintain the focus on yeast-driven aromas and the balance between fruitiness and spice. Hefeweizen remains a staple of beer culture, valued for its distinctive profile and the way it showcases the expressive potential of German brewing yeast. "
Dunkelweizen,"Dunkelweizen is a moderately dark, wheat-based German ale that is often described as a cross between a dunkel and a hefeweizen (weissbier). These refreshing beers typically range from copper to dark brown and are distinguished for banana and clove-like flavors and aromas. Dunkelweizen beers have a malty character, medium body, smooth texture, and medium to high carbonation. Along with clove and banana aromas, some examples display hints of vanilla and bubblegum. The flavor is bready and grainy, often complemented by caramel nuances. Hop flavor and aromas are absent. These fruity and malty beers would pair well with smoked ham, sausages, pork, Mexican dishes, and banana-based desserts. Dunkelweizen originated in Bavaria."
Apfelschorle,"Apfelschorle is a popular beverage originating from Germany (and popular in neighboring Austria and Switzerland), consisting of a mix of apple juice and sparkling mineral water. The drink is well-loved for its refreshing taste and is a healthier alternative to sugary soft drinks, offering a natural sweetness from the apple juice tempered by the crispness of carbonated water. Apfelschorle typically contains a ratio of about 50% to 60% apple juice to 40% to 50% sparkling water, although this can vary according to personal preference or commercial brands. This beverage is especially popular during the warmer months and is commonly found in restaurants, cafes, and supermarkets throughout Germany and neighboring countries. It's also easy to make at home, allowing for adjustments in sweetness and carbonation level to suit individual tastes. "
Gose,"Gose is a German beer style that is usually brewed with the addition of salt, and it is traditionally spiced with coriander. It is characterized by medium sourness, malt and yeast aromas, as well as fruity and salty nuances. It is not known when the style was created, but evidence suggests it was already familiar in the 15th century. Although the style originated in Goslar, in the 18th century, it became a mainstay in Leipzig, where the brewers started producing it, and where it eventually found its spiritual home. Throughout the 19th century, the style was incredibly popular, and Leipzig was even dubbed as the Gose city. Despite its popularity, by 1966, the style completely disappeared. It was reintroduced in the late 1990s by Leipzig brewers, and its reinterpretations are nowadays also produced outside its native location. Although traditional Gose was spontaneously fermented, modern versions are more controlled and usually fermented with ale yeasts and Lactobacillus.  Because of its tart and crisp character, this style is an excellent pairing with seafood, light poultry dishes, citrus flavors, and cheese."
Bayerisches Bier,"Bavaria has been an important beer-producing region for centuries, and all Bavarian beers are produced under 1516 Bavarian Purity Law. The beers are made with high-quality ingredients, which are mostly locally-sourced, and the quality of the beer and the components is continuously checked by scientific institutes. Today, there are more than 600 breweries in Bavaria – nearly half of all the breweries in Germany, and every year, Bavarian brewers produce more than 20 million hectoliters of beer. The styles that appear in the region and that can be labeled as Bayerisches Bier include: Schankbier, Hell/Lager, Pils, Export, Dunkel, Schwarzbier, Märzen/Festbier, Bock, Doppelbock, Weizenschankbier, Weizenbier, Kristallweizen, Rauchbier, Kellerbier/Zwickelbier, and Eisbier/Icebier. "
U-Boot,"U-Boot is a German cocktail consisting of beer and a shot glass filled with vodka that is sunk into the pint glass. The shot of vodka dropped in beer resembles a submarine, hence the name of the cocktail. There are varieties of U-Boot which are popular in Poland, Netherlands (Duikboot), Macedonia (Podmornica), and Mexico (Submarino). "
Feuerzangenbowle,"Feuerzangenbowle is a traditional Christmas beverage in which rum-soaked sugarloaf (zuckerhut) is suspended over a bowl of mulled wine (glühwein). The sugar is placed on a metal grate and is then lit on fire, slowly melting and dripping into mulled wine. The wine is usually made in a special clay or glass vessel similar to a fondue bowl and placed over a small burner. The sugarloaf has to be soaked in overproof rum (a type of rum that contains more than 50 percent alcohol by volume) so that it could be set on fire. As the sugar drips in the wine, it gives it a sweeter and somewhat caramelized flavor. Feuerzangenbowle is traditionally served at German Christmas markets. It became popular after the 1944 comedy Die Feuerzangenbowle."
Kellerbier,"Kellerbier is a type of unfiltered and naturally carbonated lager originating from Franconia, a region in northern Bavaria. The name translates to ""cellar beer,"" referencing the historical practice of storing the beer in cool underground cellars during fermentation and maturation. Unlike most modern lagers that are filtered and pasteurized for clarity and stability, Kellerbier is served unfiltered, which gives it a slightly hazy appearance and a fuller, more complex flavor profile. It represents an older style of German brewing that prioritizes freshness and direct-from-the-source consumption, typically poured directly from wooden barrels or storage tanks at local breweries and beer cellars. The style is usually brewed using pale malts and noble German hops, resulting in a beer that ranges from golden to amber in color, depending on the specific recipe and brewery. Its flavor is characterized by a soft malt presence, mild hop bitterness, and subtle yeast-derived notes due to the suspended sediment and live yeast remaining in the beer. Because it is not pasteurized, Kellerbier has a shorter shelf life and is best consumed fresh, ideally close to the brewery. This freshness contributes to its appeal, as the beer retains volatile compounds and textures that would otherwise be lost in modern filtration and packaging. Kellerbier may be either bottom-fermented, like a lager, or top-fermented in some historical variants, but the majority of commercially recognized versions today follow the lagering method. It is typically conditioned at low temperatures and served at cellar temperature (cool but not cold) to preserve its full range of flavors. The carbonation is lower than in most bottled beers, contributing to a smooth mouthfeel and a rustic quality. Though Kellerbier can be found bottled or on draft in parts of Germany, especially during regional beer festivals, it is most closely tied to small Franconian breweries where it is often consumed directly at the source. Many beer gardens in Bavaria serve Kellerbier alongside local foods such as pretzels, sausages, and cheese spreads, emphasizing its role as a social and culinary staple in the region. Its popularity has grown among beer enthusiasts outside Germany as part of a broader interest in unfiltered, minimally processed beer styles. Breweries that produce Kellerbier typically highlight its authenticity, natural ingredients, and lack of filtration as a point of distinction from more commercial offerings."
Dooley's,"This cream liqueur is prepared with a blend of premium vodka, quality Dutch cream, and best selection of Belgian toffee. It was launched in 2000, and it is produced by the family company BEHN in Eckernförde. Dooley’s is bottled at 17% ABV, and though it is best enjoyed neat over ice, it also incorporates well into a variety of cream-based cocktails. Apart from the original toffee variety, Dooley’s comes in licorice, egg cream, and white chocolate flavor."
Maibock,"Maibock is a Bavarian lager style that first appeared as a special brew to celebrate the beginning of the garden season—hence the name Mai, which translates as May. Falling in the category of Bock styles, these golden to light amber beers usually have a medium body, clean and smooth malt flavors, and grainy, lightly toasted aromas with hints of spices and herbs. They typically range from 6 to 8 % ABV, and they tend to be drier and have more pronounced hop flavors and aromas than other Bocks. Maibock is meant to be a transitional style that falls somewhere between rich winter brews and light summer versions. The prototype is believed to have been coined by Hofbräuhaus brewery, though the style has slightly diverged from its original. Maibock beers pair well with traditional German fare, spicy dishes, and alpine or creamy cheese varieties."
Eisbock,"Eisbock is the strongest beer style that falls in the category of bock beers (bockbier). This beer style is primarily brewed as doppelbock, but then it undergoes freeze distillation—in which the water is partially frozen and then removed. The final result is a brew with more concentrated flavors and a higher concentration of alcohol. Most eisbock beers are clear, and they may range from red to dark brown. Although they always have high alcohol content, usually between 9 to 14% ABV, the alcohol should never be harsh or overpowering. Eisbock beers are full-bodied and intense with strong malt aromas and flavors reminiscent of toast and caramel. Nuances of dark fruit can sometimes be present. Despite its malt-forward profile, the character of eisbock beers should never be cloying or overly sweet. These beers make an excellent aperitif or a digestif, but they can also be paired with rich meat-based dishes and chocolate or caramel desserts. Although it is not certain, eisbock is said to have at the Reichelbräu brewery in 1890. The legend says that kegs of brewed bock were accidentally left on freezing temperatures, and when the ice was removed, the brewers noticed that the beer was more concentrated and potent than the original version. "
Korn,"Korn is a German grain spirit that is traditionally distilled from fermented mash of wheat, rye, buckwheat, barley or oats. This strong colorless drink is never sweetened or flavored, and it has to have a minimum of 32% ABV, but if the alcohol content is higher than 37.5% the drink is named Kornbrand. It is believed that the production of Korn started in the 15th century, and although it is enjoyed throughout the country, it is especially popular in the northern parts of Germany. The drink is usually low-priced, but oak-aging may provide for more complex and better-quality expressions. Korn is mainly enjoyed straight from shot glasses, but it is also commonly combined with carbonated soft drinks, while a popular combination known as Herrengedeck (gentlemen’s menu) includes beer with a shot of Korn."
Spaetlese Riesling,"Spätlese Riesling is one of the categories for late-harvest German Riesling wines. It falls under a broader category of Prädikatswein—which is a classification based on the ripeness level at which the grapes are harvested. Apart from Spätlese, this category also includes Kabinett (the least amount of sugar), Auslese, Beerenauslese, Trockenbeerenauslese, and Eiswein. Spätlese is made from fully ripe grapes, and it is the lightest variety of late harvest wines. The grapes are typically picked one week after regular harvest. However, as the term only refers to the degree of ripeness, these wines can vary in character—from dry to medium-sweet. Their final profile will largely depend on the producer and the winemaking technique. If the fermentation is stopped early, the wines will have a sweeter profile and more amounts of residual sugar, while longer fermentation results in drier wines. Some will also have the additional labeling—spätlese trocken for bone dry wines and spätlese halbtrocken for off-dry, slightly sweet wine. Alcohol level can also suggest the character of these wines. If the ABV falls around or under 11%, these wines will typically be medium-dry. As Riesling is generally packed with bright acidity, Spätlese wines are lively, fresh, and well-balanced. The aroma is usually reminiscent of lime, lemon, apple, and peach, often with a honey-like backbone. Because Spätlese wines are incredibly versatile, they can pair with various dishes. Dry varieties pair well with fish, pork, and poultry, while sweeter styles best pair with spicy dishes, especially with Asian and Mexican fare."
Himbeergeist,"Himbeergeist is a German raspberry spirit that is made by macerating fresh raspberries in neutral alcohol. No artificial flavorings or colorings are added, and the infusion is then distilled before it is bottled. Himbeergeist has to have a minimum of 40% ABV. It results in a clear and colorless spirit that displays clean raspberry aromas. The drink should be served well-chilled, and it is best enjoyed slowly sipped. It is recommended to enjoy it as a digestif. Optionally, it can be mixed with coffee or used in cocktails, and it goes exceptionally well with sparkling wines. Himbeergeist is also incorporated into fruit-based desserts, and it can be used as an ice cream topping. "
Asbach Uralt,"Asbach Uralt is a German brandy that was first distilled in 1892 by Hugo Asbach, a Cologne native. With the knowledge he gained at various French distilleries, Asbach distilled his first batch of brandy and opened a company in Rüdesheim am Rhein. He initially labeled his brandy as Rüdesheim Cognac, but after the Treaty of Versailles, which stipulated that only French products can be named Cognac, Asbach coined the term Weinbrand (wine brandy) and gave his product its current name. Aged in Limousin and German oak, classic Asbach Uralt is an amber-colored brandy that is smooth and warming, with subtle sweetness and peppery nuances that are accompanied by aromas and flavors reminiscent of honey, vanilla, caramel, plums, nuts, chocolate, and coffee. Apart from the classic version, Asbach Uralt is available in several specialty versions that include various aged styles. This brandy is best enjoyed neat, though it is sometimes incorporated into long drinks. It is also one of the ingredients in Rüdesheimer Kaffee."
Swimming Pool,"Swimming Pool is a German cocktail that is similar to Piña Colada. The cocktail combines equal parts vodka and white rum, pineapple juice, heavy cream, coconut cream, and blue Curaçao. To prepare the cocktail, all the ingredients except blue Curaçao are shaken with ice, and the mix is then poured into a glass filled with fresh crushed ice. Some versions are also blended with ice. A splash of blue Curaçao is added last, and it should only partially color the drink. Lastly, it is garnished with a pineapple wedge. Swimming Pool was created by a German bartender Charles Schumann. He probably invented it at the American Bar in Munich, and it most likely originated in the 1970s. The name of the drink is a reference to its blue color attained from blue Curaçao. "
Muenchner Bier,"In the 19th century, artisanal breweries were increasingly being replaced by larger industrial breweries, and today there are seven famous large breweries in Munich: Augustiner, Hofbräu, Paulaner, Hacker-Pschorr, Löwenbräu, Spaten, and Franziskaner. Together, these seven breweries produce around 6 million hectoliters of beer per year. Even today, these breweries use no additives, as dictated by the Munich Beer Purity Law of 1487. This not only has to do with tradition, but with long-established high ethical values. Munich beer may only be produced by the breweries of Munich. The brewing oath stipulates that Munich beer is brewed according to an ancient recipe, with pure, natural ingredients like pure water from their own wells, and the best malt and hops. The most popular beer festival in the world, Oktoberfest, celebrates these very beers, and it draws around 7 million international visitors every year."
Gin Basil Smash,"Gin Basil Smash is a contemporary classic created in 2008 by Jörg Meyer at Le Lion in Hamburg. The cocktail combines gin, basil, lemon juice, and simple syrup. To make the cocktail, basil is first muddled with lemon juice and simple syrup in a shaker. Next, gin and ice are added to the shaker, and the combination is shaken until chilled. The cocktail is then strained into an old-fashioned glass filled with fresh ice and garnished with a basil sprig. Gin Basil Smash was inspired by Dale DeGroff's Whiskey Smash, the whiskey-based cocktail from The Bartenders Guide. Meyer originally named his creation Gin Pesto, and as the drink became popular, it earned its now more popular name. "
Spezi,"Spezi is a German soft drink made by mixing cola and orange soda, known for its balanced combination of citrus brightness and cola depth. It originated in Germany, where the practice of blending cola with orange-flavored soda began in the mid-20th century and gradually became a widespread beverage choice. The name ""Spezi"" initially referred to a specific brand introduced by the Brauhaus Riegele in Augsburg in the 1950s, but over time it became a generic term in colloquial usage across German-speaking countries for any cola-orange mix, even when produced by other companies. The drink typically consists of about equal parts cola and orange soda, resulting in a beverage that has the caramel and caffeine notes of cola alongside the fruity tang and sweetness of orange. Its flavor is often described as refreshing and easy to drink, with lower acidity than pure orange soda and less heaviness than cola alone. Some formulations also include lemon or a touch of herbs for complexity, though the base remains consistent. Commercially bottled Spezi contains carbonated water, sugar or sweeteners, caffeine, and natural or artificial flavorings from both cola and citrus components. Colorants and stabilizers are also standard, as in most soft drinks. Spezi is especially popular in southern Germany, Austria, and parts of Switzerland, where it is served in restaurants, sold in bottles or cans in supermarkets, and available on draft in some beer gardens or cafés. While it appeals to all age groups, it is particularly common among teenagers and young adults as a non-alcoholic alternative to beer or energy drinks. Some people also mix it themselves at home or in bars by combining equal parts of Coca-Cola (or Pepsi) with orange Fanta or a local equivalent, resulting in a homemade version often called “Cola-Mix” or simply “Mezzo Mix” when using the Coca-Cola-owned brand."
Fassbrause,"Fassbrause is a German drink made from fruit, spices, and malt extract. It was invented in Berlin in 1908 by a German chemist Ludwig Scholvin as a non-alcoholic beer substitute for his son. In color, it strongly resembles a beer, with a sweet apple flavor. Depending on the brand, fassbrause can be both non-alcoholic and alcoholic. The literal translation of the name means keg soda which is also the traditional way of storing it."
Liebfraumilch,"Liebfraumilch is a semi-sweet German wine style produced in Rheinhessen, Pfalz, Rheingau, and Nahe wine regions. Although official regulations stipulate that at least 70% of the blend has to include Müller-Thurgau, Bacchus, Silvaner, or Riesling, most producers opt for Müller-Thurgau. Liebfraumilch is mostly made for export. It enjoys a poor reputation, and it is often dubbed as a sweet and cheap supermarket wine. It was especially popular during the 1970s when it was usually regarded as a bulk wine intended for mass consumption. These wines first appeared in the 18th century. Original styles were mainly made with Riesling and were one of the best European wines at the time. The quality of the wines produced under the designation started to dwindle in the 20th century, but some producers have recently made an effort to bring the label its former fame by improving their quality and relying on Riesling grapes. Although their character can significantly vary, these wines are usually light-bodied and sweet, while the flavors are fruity and reminiscent of apples and citrus fruit. "
Poire Williams,"Poire Williams is a type of eau-de-vie (fruit brandy) that is distilled from fermented Williams pears. The production of this clear and colorless spirit is mostly associated with France, Switzerland, and Germany. The drink is often sold with a whole pear inside the bottle—this is achieved by attaching the bottle to a branch with a small pear. The fruit is tucked inside and then allowed to grow inside the bottle. When it’s ripe, the fruit is cut off, and the distilled spirit is then poured inside. This brandy is usually of high quality, with clean and crisp flavor and ripe pear aromas. It is traditionally enjoyed as a digestif. "
Kuemmerling,"Kuemmerling is a type of herb liqueur that is classified as a kräuterlikör. It was created by Hugo Kümmerling in 1938, and since 1963 the drink has been produced in Bodenheim. Although the exact recipe is kept secret, Kuemmerling is created with a large selection of herbs and spices such as cloves, cinnamon bark, licorice, wormwood, mint, calamus, and angelica root. It is an amber-colored drink that is characterized by herbaceous and bittersweet flavors. The drink is bottled at 35% ABV, and it is usually sold in the 20ml miniature spirit bottles. Kuemmerling is best served well chilled, preferably in a shot glass, and it is mostly enjoyed as a digestif, although it can also be incorporated into cocktails and long drinks. "
XUXU,"XUXU is a German strawberry liqueur that is made with a combination of fresh strawberry mash, vodka, and a splash of lime to balance out the sweetness. The fruit content in the liqueur reaches the impressive 66%, and no additional sugars, apart from the natural fruit sugar, is added to the blend. Because of its composition, XUXU displays fresh and fruity strawberry aromas and flavors. This sweet liqueur can be enjoyed as a shot, but it also perfectly blends into cocktails and long drinks. It is also commonly used in dessert-making, and it blends exceptionally well into custards and ice creams. The drink is produced in Erding, Bavaria by Georg Hemmeter. "
Steinhaeger,"Often classified as a type of gin, Steinhäger is a juniper-flavored spirit produced in Westaphalian Steinhagen municipality. It is produced from grain spirit, juniper berries, and wacholderlutter—fermented mash made from juniper berries. This spirit is clear and colorless and has a subtle juniper flavor. The minimum alcohol content is 30% ABV, but it is mainly bottled at 38% ABV, as then it can be classified as gin. Traditionally, Steinhäger is bottled in brown stoneware bottles known as a Kruke or Betonbuddel, but other materials can also be used. It is believed that by the 14th century, the use of juniper berries was already widespread in the region, while juniper-based drinks were already produced in the 15th century. During the second half of the 19th century, the region had 20 distilleries, but only two have survived to this day.   "
Baerenjaeger,"Bärenjäger is a honey liqueur that hails from Germany. The recipe, which remains secret, is based on an old formula dating back to the 18th century. The liqueur is made with a combination of grain spirit and honey, with additional secret ingredients. The resulting drink is golden-colored and sweet, without being cloying. The aroma is herbal and spicy, while the finish is long. It is bottled at 35%ABV (70 proof). Bärenjäger can be enjoyed neat or on the rocks. It also makes a great ingredient in cocktails and long drinks. Bärenjäger is produced by Schwarze und Schlichte. This liqueur belongs to the Bärenfang (Meschkinnes) group of honey-flavored German liqueurs that have existed since the 15th century. "
Roggenbier,"Roggenbier is a historical rye beer style that hails from Bavaria. Although it is rarely produced these days, it was commonly brewed before the introduction of the German Beer Purity Law in 1516. The law said that only water, barley, and hops might be used to brew beer, creating unfavorable conditions for rye beers, which mainly disappeared after that. The style was reintroduced in Germany sometime in the 1980s. Although it is not available on a wider scale, some breweries offer it as a standard or a seasonal label. Roggenbier is a beer style in which malted rye is dominant or makes at least 50%. Rye beers are typically dark and medium to full-bodied. They usually have a spicy, rye-like aroma with some fruity, tart nuances attained from weizen yeast. The beers are moderately bitter, with some malt sweetness and low hop flavor. They are not heavy or overpowering and usually result in light and dry examples with an alcohol content of 5%. They can be filtered or unfiltered. "
Gluehbier,"Glühbier is a German version of mulled beer. This warming, wintertime drink is typically made with some type of dark and malty beer such as Bock or Doppelbock. The base is then heated (but never boiled) before other ingredients are added. The most common additions include cinnamon, cloves, star anise, nutmeg, sugar, and usually some type of fruit juice and often a shot of some strong spirit such as rum or brandy. Although not as popular as mulled wine, this warm drink is commonly found on Central European Christmas markets, though it is still mostly associated with Germany. "
Killepitsch,"Killepitsch is a German herbal liqueur (kräuterlikör) that is made with 98 different herbs and spices. The drink has been produced since 1858 by the Busch family from Düsseldorf, and the original recipe is still kept secret. Killepitsch is a rich and smooth dark red liqueur that is characterized by bittersweet flavor and aromas of dried fruit and warming spices. It is best served well chilled, and it is mostly enjoyed as a digestif. Killepitsch is bottled at 42% ABV."
Dortmunder Bier,"This beer is a symbol of Dortmund and has always been made from carefully selected ingredients. The beginning of brewing in Dortmund dates back to 1293, and throughout history, these beers were exported around the world. Dortmund beer is now produced by Dortmunder Actien Brauerei (DAB), which was founded in 1868, and it is exclusively made with Dortmund water and under German Purity Law. Main beer styles include Export, Pilsener, light beer, and dark top-fermented Altbier."
Zwickelbier,"Zwickelbier is an unfiltered, unpasteurized German beer originating from Bavaria, often described as the brewer’s freshest and most natural offering, usually sampled directly from the maturation tank. Named after the “Zwickelhahn,” the small tap used by brewers to draw samples during fermentation, this beer is known for its cloudy appearance, mild carbonation, and balanced flavor profile that lies somewhere between a Kellerbier and a Helles. It typically features a golden to amber hue with a smooth, lightly yeasty taste, subtle hop bitterness, and a soft mouthfeel that highlights its freshness and minimal processing. Unlike fully matured beers, Zwickelbier is not long-aged and is intended for early consumption, often found in local breweries, beer gardens, or festivals where it offers a rare glimpse into the raw, living character of German brewing. While originally meant for internal quality checks and tastings, Zwickelbier gained popularity among beer enthusiasts for its honest, unrefined profile and the sense of immediacy it brings to the drinking experience. It represents a direct link between the brewhouse and the consumer, bypassing heavy filtration and stabilization to preserve yeast, protein, and flavor compounds that are usually removed in commercial lagers. Because of this, it is more perishable and typically served locally, making it a regional specialty that reflects the care and nuance of small-scale German brewing. "
Nikolaschka,"Nikolaschka is a German after-dinner drink made by pouring cognac into a snifter glass which is topped with a lemon disk, sugar, and powdered coffee. The cocktail is consumed by drinking the cognac, then eating the lemon with sugar and coffee. One of the most popular varieties of the drink is called Nikolaschka Pillkallen, where all ingredients are replaced – cognac with Kirschwasser, lemon with a slice of salami, and the sugar-coffee mixture with French mustard."
Hessischer Apfelwein,"This German apple cider is made by heating and fermenting the juice of locally-grown apples from the Granny Smith or Bramley cultivars. The cider has an alcohol content of 4.8%–7% and a very tart flavor. To produce this refreshing, sour beverage, apple juice is fermented with yeast. Apfelwein is produced in the German region of Hesse, mainly in Frankfurt and Odenwald. Some of the regions even host cider competitions and fairs for local cider producers. In Germany, cider is traditionally served in a so-called 'geripptes' glass that refracts light and improves grip. Mulled Apfelwein is also used as a folk cold remedy, or can be simply enjoyed as a warming beverage during winter, cooked and served with a cinnamon stick, some cloves, and a slice of lemon."
Solaris,"Solaris is a white grape variety that was created by crossing Merzling grape with Zarya Severa and Muscat Ottonel varieties. The grape was first released in 1975 by the Freiburg Wine Institute in Germany. Solaris is especially suitable for cool climates, and apart from Germany, it is cultivated in Poland, Denmark, the Netherlands, England, Switzerland, some parts of Belgium, and Sweden. The wines produced from Solaris grape are usually dry, though in some regions it can also be used in the production of dessert wines. Dry Solaris wines tend to be light, fruity, and fragrant. They will typically display aromas of pears, peaches, citrus, and exotic fruit, as well as nuances of honey. The pleasant sweetness of Solaris wines is usually balanced with bright acidity. These wines make an excellent aperitif, but they can also be a good accompaniment to seafood, chicken, fruity desserts, grilled meat, pasta dishes, vegetables, or cheese. "
Ruedesheimer Kaffee,"Rüdesheimer Kaffee is a German coffee that is fortified with Asbach Uralt brandy. The drink is prepared by mixing brandy and sugar, and the combination is then flambéed until alcohol partially evaporates. The mixture is then topped with coffee, and the drink is finished off with a layer of vanilla-flavored whipped cream and chocolate shavings. The drink originates from Rüdesheim am Rhein—hence the name—and it was invented in 1957 by Hans Karl Adam, a German television chef. Rüdesheimer Kaffee should not be stirred, and it is traditionally served in a tall glass that was specially designed for this alcohol-laced coffee. "
Sekt,"Sekt is the German term for sparkling wine, widely produced in Germany, Austria, and other German-speaking regions. It encompasses a variety of styles, ranging from dry to sweet, and is made using different methods and grape varieties. Deutscher Sekt is made exclusively from German-grown grapes, while Sekt b.A. comes from specific regions like Mosel or Rheingau, and Winzersekt represents premium, small-batch sparkling wines from a single vintage or grape variety. Production methods include the Charmat method, where secondary fermentation occurs in tanks, and the Traditional method, akin to Champagne production, with fermentation in the bottle. Common grape varieties include Riesling, Pinot Blanc (Weißburgunder), Pinot Gris (Grauburgunder), and Pinot Noir (Spätburgunder). Sekt is categorized by sweetness levels—Brut, Extra Dry, Dry, Semi-Dry, and Sweet—and is typically served chilled as an aperitif, during celebrations, or paired with light dishes and desserts. Offering a wide range of quality levels, Sekt is an affordable and versatile alternative to Champagne."
Kulmbacher Bier,"Kulmbacher Bier is brewed following centuries-old traditional brewing techniques. The first monastic brewery appeared in 1349, but it is believed that communal breweries existed before that. This local beer must be brewed under German Beer Purity Law (Reinheitsgebot), and it can only be made with malt, hops, yeast, and soft, locally-sourced spring water. Various styles are available in Kulmbach, including Eisbock, Export, Pils, Festbier, and Hefeweizen. Kulmbacher Bier must be produced within the administrative borders of Kulmbach."
Altbierbowle,"Altbierbowle is a beer-based mixed drink that hails from Germany. The drink combines beer, fruit syrup, and fruit. Although it resembles a punch bowl, this German specialty is made with altbier—a traditional German beer style from Düsseldorf that falls somewhere between a lager and an ale. To make the drink, altbier is poured into a bowl. It is then mixed with fruit syrups and sliced fruit. Traditionally, it is made with strawberries and raspberries, but variations can include various fruits. Altbierbowle is usually associated with North Rhine-Westphalia, a region where altbier also originated. It can be served in bowls or as an individual drink, usually served in beer mugs.  "
Goass,"Goaß is a mixed beer drink originating from Bavaria, particularly popular among younger crowds in southern Germany and Austria. It combines dark beer (commonly a strong Bock or Dunkel), cola, and a shot of reddish fruit brandy, typically Kirschwasser. The name ""Goaß,"" derived from the Bavarian dialect word for ""goat,"" has no connection to the animal in its content but reflects the local habit of giving colorful names to distinctive beverages. The drink is often associated with alpine festivals, student gatherings, and après-ski culture in the Bavarian and Austrian regions. The preparation of Goaß is straightforward. A glass, usually a half-liter mug or stein, is filled partially with cola, then topped with dark beer, and finished with a shot of schnapps. The combination results in a sweet, malty, and mildly alcoholic drink with a noticeable kick from the added spirits. The cola softens the bitterness of the dark beer, while the brandy contributes a sharp, fruity note. The proportions can vary, but the drink typically maintains a balance that allows all three components to be present without overwhelming each other. Though its origins are difficult to trace precisely, the drink likely developed in the mid-to-late 20th century as a regional variation on beer cocktails, reflecting changing tastes and the desire for sweeter, more approachable alcoholic drinks in casual environments. It is not typically found in mainstream restaurants or among older generations of beer drinkers, who may prefer unaltered beer. Goaß is often served in rustic pubs, alpine huts, and at regional events, especially in Upper Bavaria and parts of Austria. While it does not have formal status in menus of classic beer culture, it is a well-established part of youth and festival drinking in certain areas.  "
Pharisaeer,"Pharisäer, which translates as a Pharisee, is a German drink consisting of strong, sweetened coffee, a splash of rum, and whipped cream. It is usually served in a large hot toddy glass. The drink originally comes from North Frisia, and the most popular theory about its origin claims that it was invented in the 19th century during a christening or a festival. At the time, the local congregation was led by a pastor Gustav Beyer who was known as a strict opponent of drinking alcohol. The villagers tried to trick him by combining rum with coffee, and they topped the drink with whipped cream, which prevented the smell of rum to evaporate. The pastor was given the alcohol-free variation, but as he noticed the scam, he allegedly exclaimed Ihr Pharisäer (you Pharisees)—as a biblical reference to the Pharisees that were criticized for hypocrisy and perjury."
Huettentee,"Jagertee is a warming combination of rum, black tea, citrus fruit, and winter spices such as cinnamon and cloves. Traditionally, the drink was made with the so-called inländer or domestic rum, which included various flavorings and colorings to imitate the flavor of genuine Caribbean rum. Apart from standard ingredients, the drink often includes fruit brandies, other spirits, and citrus zest. Jagertee is often made at home, but commercial varieties are also available, as well as the pre-made mixture of sugar and spices, which is then added to rum and tea. To prepare the drink, all ingredients are heated in a pot until the concoction simmers. It is then removed from heat and served warm. This wintertime cocktail is mostly associated with Austria and Germany, and it is a popular après-ski drink, used to warm up the people either on the slopes or at home. Because of its name—Jäger translates as hunter—many believe that the hunters were first to come up with the combination of tea, rum, and spices. "
Kerner,"Kerner is a German grape that was developed in 1929 as a cross between Riesling and Trollinger (also known as Schiava Grossa and Vernatsch). It was introduced in the 1960s, first in Germany and then Italy, where it is mainly used in several regional appellations in Alto Adige/Südtirol. It is also cultivated in Switzerland, Canada, England, and Japan. The grape has a fresh and fruity Riesling-like character. If treated properly, the wines are well-structured and rich in flavor, while the aromas are reminiscent of pear, citrus, and stone fruit. The acidity is bright but less prominent than in Riesling. Kerner wines can be enjoyed young, though some wines have good aging potential. These wines are best-paired with seafood, snacks, or poultry. The name Kerner is a reference to the eponymous German doctor and a poet. Many regard Kerner as the most successful German cross. "
Marillenschnaps,"Marillenschnaps is a type of fruit brandy that is distilled from apricots. The drink is traditionally associated with Wachau—a region known for apricot production—though it is also produced in other Austrian and German regions. High-quality apricot brandy should be double-distilled from fresh apricot mash to create a clear and potent spirit with an alcohol content that typically goes around 40% ABV. This brandy will display apricot and floral aromas with a warming, fruity, and long aftertaste. Like other types of fruit brandies, apricot schnaps is also traditionally enjoyed neat, though it can also work as an ingredient in cocktails and long drinks. "
Savoy Affair,"Savoy Affair is a cocktail made with a combination of champagne, brandy (preferably peach), strawberry liqueur, passionfruit juice, and lime juice. In order to prepare it, the rim of a double-cocktail glass should first be rubbed with lime, then dipped in sugar. All ingredients are then poured into the glass and garnished with a sugar-dipped strawberry before serving. This decadent cocktail was invented by Joe Gilmore at the Atlantic Hotel in Hamburg, Germany."
Muenchener Kuemmel,"Münchener Kümmel is a clear, caraway-flavored liqueur that originates from Munich. It belongs to a category of herbal spirits that are commonly consumed throughout German-speaking regions, especially in the context of digestifs or post-meal drinks. The defining ingredient is caraway seed, which imparts a sharp, aromatic profile that sets it apart from sweeter or more anise-forward liqueurs. While the precise recipes may vary by producer, the base formula typically involves distilling neutral alcohol with caraway and occasionally blending it with other subtle botanicals such as fennel or coriander, followed by sweetening and dilution to a drinkable strength. Münchener Kümmel has roots in the distilling history of the city and was once produced by several Munich-based operations, though its presence has fluctuated over time due to shifts in consumer preferences and industry consolidation. Unlike mass-market spirits, this liqueur is more closely tied to regional drinking customs and is generally encountered in local taverns, specialty shops, or through small-batch distilleries that continue to maintain the recipe. Its taste is clean, dry, and herbaceous, with a slightly oily mouthfeel and a long-lasting caraway finish, making it a drink favored by those who appreciate assertive, spice-driven flavors without added complexity for its own sake. The alcohol by volume (ABV) of Münchener Kümmel typically ranges between 35% and 40%, depending on the producer, placing it on par with many other clear liqueurs in strength. Often served neat and chilled, it remains a niche but respected component of southern German drinking culture. Its authenticity and geographic specificity are recognized by the European Union through the designation of Protected Geographical Indication (PGI)."
Aromatique,"Aromatique is a German spice liqueur that dates back to 1828 when it was first conceived by a pharmacist Daniel Thraen. The base of the liqueur is the essence of carefully selected spices that is oak-aged for a year before it is bottled at 40% ABV. Although the drink was manufactured by numerous brands, today it is almost synonymous with Kramer's Aromatique, which is produced following a secret recipe dating back to 1876. Praised for its perfect balance of spices, sweetness, and bitterness, it is best served neat, preferably at room temperature or slightly chilled. It is usually enjoyed as an aperitif or digestif, but its complex aromas can also work well in cocktails and long drinks, as well as in mulled wine."
Bremer Bier,"The history of brewing beer in Bremen dates back to 1200. All the beers are brewed under 1516 German Purity Law, which ensures that only premium-quality malt, hops, yeast, and water can be used in their production. From the 13th century, Bremen beer has enjoyed great popularity throughout northern Europe, and even today, Bremen breweries are one of the leading German beer exporters. To ensure their quality, all the beers labeled as Bremer Bier PGI have to be made in the Federal Land of Bremen. The styles that are produced in the region include Pils, Hell, Export, Dunkel, Bock, Doppelbock, Weiße, and Light/Schankbier. "
Lichtenhainer,"Lichtenheiner is a historical wheat beer that originated in Lichtenhain, Thüringen. It is a refreshing, smoked, and moderately sour style that was at its peak during the 19th century. The beer is low in alcohol, typically around 4%ABV, and usually has moderate acidity. Lichtenheiner is a light to medium-bodied beer with relatively high carbonation. Their color ranges from bright yellow to light golden. The flavor is complex, with low bitterness and fruity and smoky character. The aroma is similar to the palate and has distinctive smoky notes along with fruity and bready nuances. The style is sometimes not filtered, which leaves the beer slightly hazy. Lichtenheiner should always be served young and fresh. Most commercial production disappeared in the mid-1980s, but several breweries nowadays still try to reinterpret this traditional style. "
Ettaler Klosterlikoer,"Ettaler Klosterlikör is a herbal liqueur produced in the village of Ettal, located in the Bavarian Alps of Germany. It originates from the Benedictine Ettal Abbey, which has been known for centuries for monastic distillation and brewing. This liqueur is recognized for its rich blend of alpine herbs, roots, and spices, combined with neutral spirits and a touch of sweetness. The creation of Ettaler Klosterlikör is deeply tied to the long-established monastic tradition of herbal medicine and self-sufficiency. Monks began distilling herbal infusions in the 17th century, first for medicinal use, and later developed them into refined liqueurs. Over time, the recipe evolved as knowledge of alpine botanicals expanded. The liqueur became more widely produced and commercially available by the 20th century as tourism in Bavaria grew and visitors developed an interest in monastic products. The preparation involves macerating a selection of herbs and roots, many harvested from the surrounding alpine meadows, in high-proof alcohol. After a period of infusion, the mixture is filtered and blended with sugar syrup to balance the pronounced herbal bitterness. Some versions are matured briefly in wooden casks to develop more depth. Ettaler Klosterlikör is typically bottled at a strength between 30% and 40% alcohol by volume, which helps preserve the natural aromas and oils extracted from the plants. The liqueur is customarily served in small glasses as a digestif after a meal, either neat or occasionally poured over ice. It is also used sparingly to flavor desserts or enrich coffee. Despite the focus on herbal composition, it is distinguished by a softer, more rounded character compared to stronger alpine bitters. The production remains partly overseen by the monastery to maintain continuity of the recipe. Ettaler Klosterlikör can be purchased at the monastery shop, specialty spirits retailers, or enjoyed in inns and restaurants throughout Bavaria, especially those that promote regional and monastic culinary heritage. Visitors to Ettal often combine tasting the liqueur with tours of the abbey and its historic distillery, where they can learn more about centuries-old methods that still inform its production today. "
Bayerischer Gebirgsenzian,"Bayerischer Gebirgsenzian is a Bavarian spirit distilled from the roots of wild gentian plants that grow in the alpine and subalpine meadows of southern Germany. The name translates to “Bavarian mountain gentian,” emphasizing both the origin of the raw material and the regional identity of the drink. It belongs to a broader category of alpine schnapps that have been produced in the German-speaking regions of the Alps for generations, prized for their intensely bitter flavor and their use as a digestive after hearty meals. Production begins by harvesting the thick roots of yellow gentian, a plant known botanically as Gentiana lutea. The roots are carefully cleaned and finely chopped before being fermented in water to extract their aromatic and bitter compounds. After fermentation, the mash is distilled slowly in copper pot stills, resulting in a clear, high-proof distillate with a distinct earthy aroma. Unlike many fruit-based schnapps, Bayerischer Gebirgsenzian is not sweetened, which leaves it with an uncompromisingly dry, robust taste. The finished spirit is typically bottled at 38–40% alcohol by volume. Bayerischer Gebirgsenzian is usually served in small glasses at room temperature, sipped slowly to appreciate the strong bitterness that lingers on the palate. Its flavor is sometimes compared to other European bitter liqueurs, but it is more austere and earthy, without added sugar or aromatic herbs. In Bavaria, it is especially popular in mountain inns and alpine huts, where it is offered to guests as a digestive after meals of sausages, smoked meats, or rich stews. Over time, this spirit has become closely associated with alpine culture and the idea of harvesting and preserving mountain plants. Because gentian grows slowly and is protected in many areas, harvesting is carefully regulated to prevent overexploitation, and some producers cultivate gentian specifically for distillation."
Bayerischer Kraeuterlikoer,"Bayerischer Kräuterlikör is a herbal liqueur from Bavaria in southern Germany, known for its robust blend of aromatic herbs, roots, and spices steeped in alcohol to create a deep, bittersweet flavor. This category of liqueurs has long been associated with Alpine regions where herbal preparations developed both as beverages and as digestive remedies. In Bavaria, Kräuterlikör emerged as part of monastic and rural distilling practices that drew on locally foraged botanicals. The origins of Bayerischer Kräuterlikör date back several centuries when monks and apothecaries experimented with preserving medicinal plants in alcohol. Over time, these preparations evolved from purely medicinal tinctures into flavored spirits enjoyed socially and valued for their reputed digestive benefits. By the 19th century, Kräuterlikör had become established as a specialty of Bavarian distilleries, each developing proprietary recipes with unique combinations of herbs such as gentian root, wormwood, anise, and angelica. These recipes were often closely guarded and passed down within families or monastic communities. Preparation begins by macerating a carefully measured selection of dried and fresh herbs, barks, and spices in neutral grain spirit. The mixture is left to steep for a period ranging from several days to several weeks, depending on the distillery’s methods and the desired intensity of aroma. After maceration, the infusion is pressed and filtered, then blended with sugar syrup to achieve a balanced sweetness that softens the bitter elements. Some producers age the liqueur in oak barrels to develop complexity, while others bottle it after a brief resting period. Producers in Bavaria often emphasize the use of alpine herbs and regional ingredients, which give Bayerischer Kräuterlikör its distinct local character compared to other German herbal liqueurs. Alcohol content varies but is usually between 30 and 40 percent ABV. Bottles are typically dark glass to protect the herbal extracts from light. Bayerischer Kräuterlikör is usually served neat in small glasses, often chilled or at cellar temperature. It is a customary digestif after hearty Bavarian meals such as roast pork, sausages, or dumplings. In alpine inns and beer halls, it is common to offer a small glass alongside coffee or dessert. Some locals also use a splash to enrich cakes or to flavor whipped cream. Whether enjoyed slowly after dinner or shared in a toast among friends, this liqueur remains a distinctive expression of Bavarian herbal craft. "
Hofer Bier,"The city of Hof has a brewing tradition that dates back to the 14th century. The beers are produced with locally-sourced ingredients and soft brewing water. The choice of high-quality base ingredients gives these beers their unique, highly-appreciated character. Local breweries produce a wide variety of styles that differ in their final appearance, character, and alcohol content. Some of the styles include Schankbier, Eisbier, Hell/Lager, Pils, Export, Dunkel, Kellerbier, Märzen, Bock, Doppelbock, Weizenschankbier, Kristallweizen,Weizenbier, and Weizenbock."
Mainfranken Bier,"Mainfranken Bier is a protected designation used for beers that are produced in the administrative area of Lower Franconia, which is locally known as Mainfranken. The origins of brewing in the region date back to 1381, and the beer is still brewed following centuries-old traditions, while the use of regional water and mainly local barley or malt ensures consistent high quality of these beers. The main styles produced under the designation include Leichtbier, Hell/Lager, Pils, Schwarzbier, Export, Märzen/Festbier, Weizenbier, and Bock/Doppelbock. Because of the wide variety of styles, these beers vary in their alcohol content, appearance, and the final taste profile. "
Reuther Bier,"Reuther Bier can only be produced in the municipality of Reuth bei Erbendorf in Bavaria. The beer is produced by the Schloß brewery, and it comes in four main styles: Lagerbier, Schloß-Pils, Weißbier, and Spezial. Although these beers differ in their appearance, alcoholic strength, and flavor, they have to be made with Artesia mineral water, a spring which is owned by the brewery, and regionally grown hops and malt. They also must be brewed following the Bavarian Beer Purity Law that dates from 1516. The official production of beer at the Schloßbrauerei started in 1742, though it is presumed that the brewing tradition in the region exited before. The first beer brewed at the premises was Reuther Lager.  "
Count Mast Negroni,"Count Mast is a Negroni variation in which the standard Campari is swapped with Jägermeister. Equal parts of gin, sweet vermouth, and Jägermeister are stirred with ice in a mixing glass. The combination is then poured into an old-fashioned glass filled with ice. It is traditionally garnished with lemon or sometimes orange peel. Unlike the standard Negroni, this version will display more intense herbal and licorice-like notes. Count Mast cocktail was devised as a part of a promotional campaign for Jägermeister. "
Bayerischer Baerwurz,"Bayerischer Bärwurz is a clear herbal spirit produced in Bavaria, where it has been distilled for generations, mainly in the Bavarian Forest region. The name comes from the German word “Bärwurz,” referring to the Meum athamanticum plant, whose roots are the defining ingredient. These roots are known for their intense aromatic compounds, which lend the spirit a distinctive, slightly sweet, and earthy flavor profile. To produce Bayerischer Bärwurz, the roots are carefully cleaned and chopped, then macerated in a neutral grain spirit that extracts their essential oils and active substances. The infusion is distilled slowly to preserve the delicate herbal notes and bottled as a clear schnapps with a relatively high alcohol content, often around 40 percent ABV. The drink is most often consumed as a digestive after meals, served in small glasses and sipped in measured quantities. Its flavor is often described as robust and complex, with a combination of herbal, spicy, and subtly licorice-like notes. Some producers may blend Bärwurz root with other alpine herbs to create a more rounded profile, but the core identity remains centered on the wild root that grows in upland meadows and forest edges. Bayerischer Bärwurz is usually sold in distinctive bottles with labels that highlight its regional origin, and small distilleries remain the main source of authentic production. In Bavarian inns and restaurants, Bärwurz schnapps is a familiar part of the after-dinner ritual, often offered alongside other regional herbal spirits such as Blutwurz. It is considered an acquired taste because of its strong aroma and the warming sensation it produces, but many locals appreciate it for its association with the landscape and the longstanding craft of small-scale distillation. Historically, Bärwurz root was used in folk medicine as a digestive aid and tonic, and the spirit is sometimes marketed with reference to these associations. The production process is still regulated to ensure quality and protect regional identity, and most distilleries prefer to use hand-harvested roots collected during specific times of year when their aromatic compounds are most concentrated. The drink’s connection to the Bavarian Forest and the careful cultivation of wild plants reflects how local distilling has remained tied to the land and seasonal cycles. "
Bayerischer Blutwurz,"Bayerischer Blutwurz is a herbal liqueur that comes from Bavaria, Germany, particularly the Lower Bavaria region where it has been produced for generations. The drink takes its name from the potentilla root known locally as Blutwurz, a plant with reddish underground parts that contain high levels of tannins. These tannins contribute a dry, bitter taste and a deep amber color that set the liqueur apart from other herbal spirits. The preparation begins by harvesting the potentilla roots, cleaning and drying them thoroughly, then steeping them in high-proof neutral alcohol to extract their intense flavors. The infusion is filtered and combined with other botanicals, which can vary by producer, before being blended into a finished liqueur with a moderately high alcohol content, often around 40 to 50 percent. The result is a spirit with a pronounced earthy bitterness, slight astringency, and a lingering herbal finish. Bayerischer Blutwurz is commonly consumed neat in small glasses as a digestif, often after a rich meal. In parts of Bavaria, it is also drizzled over desserts or incorporated into cocktails to add complexity. The liqueur’s distinctive character comes not only from the root but also from the way each producer adjusts the proportion of botanicals and sweeteners to create their own interpretation. Because the recipes are closely guarded, different brands can taste noticeably different, ranging from sharper and more tannic versions to smoother blends with hints of warm spices. Historically, potentilla root was used in folk remedies for digestive issues and to treat wounds, which contributed to its adoption in alcoholic preparations meant to soothe the stomach. Modern production methods are regulated to ensure consistent quality, and bottles are often sold in distinctive packaging that highlights their Bavarian origin."
Tschunk,"Originating from Germany, Tschunk is a cocktail made with a combination of rum (white or dark), brown sugar, crushed ice, lime cubes, and Club-Mate – a caffeinated, carbonated German beverage based on mate-extract. In order to prepare it, chopped limes and brown sugar are first squashed in a highball glass, while crushed ice, rum, and Club-Mate are added in the end. Tschunk is especially beloved by people involved with the European hacker culture."
Isarwasser,"Isarwasser is a mixed drink from Bavaria that blends wheat beer (Weißbier), orange juice, and Blue Curaçao, creating a vibrant, lightly effervescent cocktail known for its striking turquoise color. The name alludes to the Isar River, which runs through Munich and much of Upper Bavaria, suggesting the vivid blue-green hue of the river’s clear alpine water. The preparation of Isarwasser is straightforward but visually appealing. A tall glass is partly filled with chilled Weißbier, a Bavarian wheat beer prized for its yeasty aroma and cloudy golden color. Freshly squeezed or good-quality bottled orange juice is poured in next, adding gentle sweetness and balancing the beer’s tangy notes. Finally, a measure of Blue Curaçao, a citrus liqueur made from bitter orange peels, is drizzled on top. As the components settle, they create a layered effect that ranges from bright turquoise at the base to lighter shades at the top. The drink is usually stirred gently before serving to create a uniform color and taste. Isarwasser is served cold, often without ice, in a half-liter or pint glass. The flavor is a balance of malty wheat beer, sweet orange, and a subtle bitter edge from the Curaçao. While it is not part of Bavaria’s long-established brewing tradition, it has become a recognizable specialty in some beer gardens and bars that cater to younger crowds or visitors looking for something beyond the classic beers. Though variations exist (some recipes use lemon soda or a different beer style), the combination of Weißbier, orange juice, and Blue Curaçao remains the most common. Its novelty and eye-catching color make it popular for summer events and festivals, where it is appreciated as both a refreshing drink and a conversation piece."
Regensburger Landwein,"Regensburger Landwein is a wine originating from the Regensburg area in Bavaria where vineyards cling to the sloping southern banks of the Danube River. It belongs to the German Landwein category, a specific quality tier defined by EU regulations, and is produced in a compact wine-growing region within the Bavarian Forest foothills, encompassing parts of Regensburg city and nearby communities like Tegernheim, Donaustauf, and Bach an der Donau. Winemaking in this area dates back to the early Middle Ages, with villages like Winzer, Kruckenberg, and Bach an der Donau involved in viticulture by the 8th century. The land bore grapes long before, and monastic estates and noble domains cultivated and expanded the vineyards along the Danube's edge. In the 19th and 20th centuries, vineyard acreage dwindled sharply. By the mid-20th century, only a few hectares remained. A revival began in the 1970s, and in 1983 the name Regensburger Landwein was officially introduced to re-establish regional identity in wine production. Production follows the rules for Landwein, which is the middle tier between basic table wine and higher-quality regional designations. Grapes must be sourced at least 85 % from the designated Landwein region (here, that means the Regensburger zone) and certain standards for alcohol and labelling apply under German and EU law. The vineyards, often small and family-run, cultivate regional grape varieties adapted to the local soil and microclimate. Regensburger Landwein is typically made in a straightforward style: clean, approachable, and often light and refreshing. It tends to be made from white grape varieties suited to cooler climates, although red blends like Salutaris Rosé or Cuvée Rot also appear among offerings. The wine often showcases balanced acidity and mild fruit character, reflective of its modest, terroir-driven origins. A unique point is the compactness of the wine region. At just around six hectares, it ranks among Germany’s smallest wine regions and is the smallest in Bavaria. The area even boasts the shortest wine route in Germany, a 20‑kilometer stretch from Tegernheim to Tiefenthal, that winds among the vine terraces open to the public. These wines are best enjoyed young, paired with regional fare like light poultry or fish, potato-based dishes, or mild cheeses, foods commonly found in local taverns or served at informal gatherings in Regensburg’s vineyards. Regensburger Landwein is available through local wine shops, directly from growers, and occasionally in Bavarian restaurants, particularly those emphasizing regional offerings. Since 1983, Regensburger Landwein has held PGI (Protected Geographical Indication) status, which guarantees that the wine is produced within the defined Regensburg area and adheres to strict regulations regarding grape origin and production standards. This status not only safeguards authenticity but also preserves the link between the wine and its specific geographic and cultural context, ensuring that the name Regensburger Landwein is legally protected within the European Union."
Nuernberger Gluehwein,"Nürnberger Glühwein is a spiced mulled wine that originates in the German city of Nuremberg, a place well known for its centuries-old Christmas market, the Christkindlesmarkt. This warm beverage is prepared by gently heating red wine together with a mixture of spices such as cinnamon, cloves, star anise, and sometimes citrus peel, allowing the flavors to infuse gradually without boiling. The result is a fragrant, comforting drink served during the colder months, particularly throughout Advent and the Christmas season, when visitors gather in the market squares to sip glühwein alongside roasted nuts, gingerbread, and sausages. In Nuremberg, producers of Glühwein follow specifications that emphasize the use of quality wine and balanced spicing rather than excessive sweetness. Some versions are made exclusively from Franconian red wines sourced from vineyards surrounding the region, while others blend wines from across Germany. Although red wine is the most common base, white glühwein is also available. Vendors heat the wine to a precise temperature to avoid evaporating the alcohol or damaging the delicate notes of the spices. The drink is traditionally ladled into mugs or decorative ceramic cups, sometimes bearing the crest of Nuremberg or the logo of the Christkindlesmarkt. The process of making Nürnberger Glühwein involves steeping whole spices and occasionally slices of orange or lemon in the wine for several hours. Sugar or honey is added to create a smooth, balanced taste without overwhelming the wine’s natural acidity. Recipes differ slightly from producer to producer, giving each stall its own distinct flavor profile. Bottled versions of Nürnberger Glühwein are sold throughout Germany and exported, clearly labeled with protected geographical indication status to distinguish it from other mulled wines."
Chiemseer Klosterlikoer,"Chiemseer Klosterlikör is a herbal liqueur that originates from the Chiemsee region of Bavaria in southern Germany, an area known for its monasteries and long-standing distillation practices. Produced on or near the islands of the Chiemsee, especially Herrenchiemsee with its Benedictine monastic heritage, this liqueur reflects centuries of monastic knowledge in working with Alpine and garden botanicals. The history of Chiemseer Klosterlikör is connected to the tradition of monks crafting restorative herbal tonics, tinctures, and spirits, partly for medicinal purposes and partly for sustaining the monastery’s income. Over time, recipes were refined, influenced by regional herbs and the broader Central European culture of herbal digestifs, which became popular beyond monastic communities and found their way into local inns and households. The preparation involves macerating a carefully selected blend of aromatic herbs, roots, seeds, and sometimes citrus peels in neutral alcohol. These botanicals typically include angelica, gentian, anise, and various Alpine herbs, contributing to a bittersweet complexity. After weeks of steeping, the mixture is strained, lightly sweetened with sugar or honey, and left to rest to develop a balanced flavor. Chiemseer Klosterlikör is usually bottled in distinctive dark glass to protect its volatile oils. It is commonly enjoyed as a digestif, either straight and slightly chilled or occasionally poured over ice. In some Bavarian households, a small glass accompanies coffee and cake, while in others, it is reserved for festive meals and shared to mark special occasions. In the region around Lake Chiemsee, small shops and abbey outlets sell this liqueur as a specialty linked to monastic craftsmanship. The recipes are often closely guarded by distillers, and each producer may emphasize a slightly different blend of herbs. Chiemseer Klosterlikör is also associated with local tourism, where visitors purchase bottles as gifts or souvenirs. "
Fraenkischer Obstler,"Fränkischer Obstler is a fruit brandy from Franconia, a region in northern Bavaria, Germany, where it has long been part of the local drinking culture. This clear spirit is typically produced by distilling a fermented mash of apples and pears, though recipes can include other orchard fruits depending on the harvest and the distiller’s preferences. The practice of making Obstler in Franconia has roots going back centuries, as small farms and rural households would often process excess fruit into high-proof spirits to avoid waste and create a product that could be stored for long periods. Over time, local distilleries refined the technique, establishing Obstler as a recognized specialty of the region. The process begins by harvesting fully ripe fruit, which is cleaned, crushed, and left to ferment naturally or with added yeast. The fermented mash is distilled in copper stills to extract the alcohol along with the pure fruit aromas. The resulting clear distillate is often bottled without aging to preserve its bright, fresh character. Fränkischer Obstler typically has an alcohol content around 38–40% and a distinctive fragrance of fresh apples and pears. It is usually served neat in small glasses, slightly chilled or at room temperature to allow the fruit notes to open up. A detail about Franconian Obstler is that many family-run distilleries still hold licenses dating back generations, reflecting the deep connection between small-scale agriculture and local spirits. The product is protected as a regional specialty, and its production must follow defined methods and use fruit sourced from the area. Fränkischer Obstler is enjoyed throughout Franconia in taverns, festivals, and family gatherings. It is commonly offered as a digestif after hearty meals of pork dishes, sausages, or roast meats, and is often poured for guests as a gesture of hospitality. "
Fraenkisches Kirschwasser,"Fränkisches Kirschwasser is a clear cherry brandy originating from Franconia, a region in northern Bavaria, Germany. It is made by fermenting and then double-distilling ripe sour cherries, often harvested from orchards near the Main River, where the climate and soil are well-suited for fruit cultivation. The resulting spirit is unaged and colorless, with a sharp cherry aroma and a dry, clean finish. It typically has a high alcohol content and is consumed in small quantities. The production of cherry brandy in Franconia can be traced back several centuries, with roots in rural distillation practices that were common in southern Germany. Fruit spirits were originally produced by farmers to preserve excess harvest and provide an additional source of income. Over time, local expertise and the quality of regional cherries helped elevate Kirschwasser to a respected product, with small family-run distilleries refining techniques through generations. To produce Fränkisches Kirschwasser, ripe sour cherries are crushed and fermented with their stones, contributing a slight bitter almond note. The fermented mash is then distilled in copper stills in two stages to ensure purity and concentration of flavor. After distillation, the spirit is usually rested in stainless steel tanks to allow its flavors to harmonize. It is bottled without any aging in wood, maintaining its clear appearance. One notable aspect of Fränkisches Kirschwasser is the use of whole cherries including pits, which imparts a distinct, nuanced bitterness that distinguishes it from sweeter liqueurs. Unlike flavored spirits, no sugar or additives are used in its production, preserving the integrity of the fruit. This makes it a popular ingredient in high-quality desserts like Black Forest cake and also in culinary applications where a clean cherry note is desired. Fränkisches Kirschwasser is typically served chilled as a digestif in a small tulip-shaped glass, allowing the aroma to concentrate. It is consumed slowly after meals or on special occasions and is appreciated both in Franconia and beyond for its clarity, craftsmanship, and regional character. "
Benediktbeurer Klosterlikoer,"Benediktbeurer Klosterlikör is a herbal liqueur originating from Benediktbeuern, a village in Upper Bavaria, Germany, known for its centuries-old Benedictine monastery. This liqueur embodies the region’s monastic approach to distilling and herbal medicine, blending a variety of aromatic alpine and garden herbs into a strong, sweet, and mildly bitter spirit. Its roots are closely linked to the long history of Benedictine monks, who documented and refined recipes for herbal tonics and elixirs as part of their contributions to both local health care and culinary culture. Though exact origins of this particular liqueur are more recent, it draws inspiration from monastic distillation practices that flourished in Bavaria since at least the Middle Ages. Production begins by macerating selected herbs and spices, often including angelica root, gentian, anise, and a mix of alpine botanicals, in a neutral spirit to extract essential oils and flavors. After steeping, the liquid is carefully filtered, combined with sugar syrup to achieve the characteristic sweetness, and then left to mature in tanks or casks for a period that allows the flavors to integrate. The result is an aromatic drink with earthy herbal notes balanced by warming sweetness and a clean finish. It is usually bottled at a relatively high alcohol content, which helps preserve the herbal extracts and accentuate their intensity. While other herbal liqueurs from Bavaria have broader commercial distribution, Benediktbeurer Klosterlikör is more localized and often purchased directly in the region. It is commonly enjoyed as a digestif after meals, served neat in small glasses at room temperature. Many people also add a splash to coffee or drizzle it over desserts to impart a layered herbal aroma."
Thueringer Gluehwein,"Thüringer Glühwein is a spiced mulled wine from Thuringia, a central region of Germany known for its Christmas markets and cold winter evenings. The drink is prepared by gently heating red wine with a blend of spices and citrus until it becomes aromatic and deeply flavored without reaching a boil. The most common spices include cinnamon, cloves, star anise, and sometimes a hint of cardamom or allspice. Fresh orange or lemon slices are added to balance the richness of the wine with a lively acidity. Thüringer Glühwein is typically sweetened with sugar or honey and served hot in ceramic mugs. This version of Glühwein has been associated with the festive atmosphere of Thuringian towns, where it is sold in market stalls alongside gingerbread, roasted nuts, and grilled sausages. The preparation relies on high-quality wine as the base, which is gently warmed to preserve its character while infusing it with spice. Vendors and home cooks alike often have their own preferred recipes, varying the proportions of spices and citrus to create a signature flavor. While red wine is most common, some producers in Thuringia also make white Glühwein using Müller-Thurgau or Silvaner grapes. Glühwein has long been a feature of German winter celebrations, but Thuringia’s version is known for having a slightly more pronounced spice profile compared to other regions. It is usually made in larger batches to accommodate gatherings and is often enjoyed outdoors during Advent. Because the drink should never be allowed to boil, careful temperature control is considered important to avoid bitterness and preserve the wine’s aroma. In Thuringia, Glühwein is sometimes sold in bottles with labels that specify the regional origin, which helps support local vintners and small-scale producers. The beverage has gained popularity with visitors who associate it with Christmas markets in cities such as Erfurt and Weimar. Over time, Thüringer Glühwein has also been adapted by small wineries that produce limited seasonal editions flavored with additional ingredients like vanilla or dried fruits. "
Vodka Nikolaschka,"Vodka Nikolaschka is a version of the classic German Nikolaschka cocktail. It is made with a combination of vodka, coffee powder, powdered sugar, and a peeled orange disk. The cocktail is typically prepared by pouring vodka into a glass which is then covered with an orange disk, and the disk is topped with coffee powder and powdered sugar. In order to enjoy the drink, the contents of the glass should first be swallowed, and the consumer should then eat the orange disk with coffee and sugar."
