DishName,Description,Region,MainIngredient,Ingredients,StateOfMainIngredient,DietType,MealEatenAtPartOfDay,Variations,FlavorProfiles,PreparationMethod,PreparationTimeMinutes,MeatCut
Allgaeuer Kaesespaetzle,,,,,,,,,,,,
Altmaerkische Hochzeitssuppe,,,,,,,,,,,,
Apfel Birnen Marmelade,,,,,,,,,,,,
Apfel-Kuerbis-Marmelade,,,,,,,,,,,,
Apfelkren,,,,,,,,,,,,
Apfelkuchen mit Decke,,,,,,,,,,,,
Apfelkuechle,,,,,,,,,,,,
Apfelriemchen,,,,,,,,,,,,
Apfelstrudel,,,,,,,,,,,,
Apfelstrudel mit fertigem Blaetterteig,,,,,,,,,,,,
Apfelwein-Pudding-Torte,,,,,,,,,,,,
Arabisches Reiterfleisch,,,,,,,,,,,,
Arme Ritter,,,,,,,,,,,,
Asiatische Maultaschen-Pfanne,,,,,,,,,,,,
Auflauf mit Schweinefilet,,,,,,,,,,,,
Backerbsen,,,,,,,,,,,,
Backfisch mit Kartoffelsalat,,,,,,,,,,,,
Badischer Kartoffelsalat,,,,,,,,,,,,
Baeckeoffe,,,,,,,,,,,,
Baerlauch-Zaziki,,,,,,,,,,,,
Bauernbratwurst,,,,,,,,,,,,
Bauernfruehstueck,,,,,,,,,,,,
Bauernfruehstueck,,,,,,,,,,,,
Baumkuchen,,,,,,,,,,,,
Bayerische Crepes mit Wurstsalat,,,,,,,,,,,,
Bayerischer Krustenbraten,,,,,,,,,,,,
Bayerischer Obazda mit Brezel und Rettich,,,,,,,,,,,,
Bayerischer Wurstsalat,,,,,,,,,,,,
Bayrisch Creme,,,,,,,,,,,,
Bayrisch Kraut,,,,,,,,,,,,
Bayrischer Kartoffelsalat,,,,,,,,,,,,
Bayrischer Kartoffelsalat mit Speck und Gurke,,,,,,,,,,,,
Bayrischer Wurstsalat mit Kaese,,,,,,,,,,,,
Beamtenstippe,,,,,,,,,,,,
Beamtenstippe zu Kartoffeln,,,,,,,,,,,,
Bechamelkartoffeln DDR Rezept,,,,,,,,,,,,
Beefsteak,,,,,,,,,,,,
Bergische Waffeln,,,,,,,,,,,,
Bergischer Pillekuchen - Kartoffelpuffer mit Speck,,,,,,,,,,,,
Berliner,,,,,,,,,,,,
Berliner Currywurst,,,,,,,,,,,,
Berliner Eisbein,,,,,,,,,,,,
Berliner Pfannkuchen,,,,,,,,,,,,
Berliner ohne Frittieren,,,,,,,,,,,,
Berliner-Burger,,,,,,,,,,,,
Bienenstich,,,,,,,,,,,,
Bier Cocktail - Caipirinha Bier,,,,,,,,,,,,
Bier Cupcakes,,,,,,,,,,,,
Bier Hugo,,,,,,,,,,,,
Biercocktail mit Gin,,,,,,,,,,,,
Biergulasch mit Spaetzle,,,,,,,,,,,,
Bierkugel (Wurst),,,,,,,,,,,,
Bierpfannkuchen mit Kaese & Speck,,,,,,,,,,,,
Biersuppe,,,,,,,,,,,,
Birnen mit Bohnen & Speck,,,,,,,,,,,,
Birnen und Bohnen und Speck,,,,,,,,,,,,
Birnen und Kloesse DDR Rezept,,,,,,,,,,,,
Birnen-Duftkuchen,,,,,,,,,,,,
Birnen-Walnuss-Bruschetta mit Handkaese & Rucola,,,,,,,,,,,,
Birnenkompott DDR Rezept,,,,,,,,,,,,
Bismarckhering,,,,,,,,,,,,
Blutwurst mit Kartoffelpueree und Sauerkraut,,,,,,,,,,,,
Bockwuerstchen,,,,,,,,,,,,
Bockwurst,,,,,,,,,,,,
Bohnen einlegen,,,,,,,,,,,,
Bohneneintopf Rheinischer Art,,,,,,,,,,,,
Brandenburgische Kueche,,,,,,,,,,,,
Bratapfel-Kuchen,,,,,,,,,,,,
Brathering,,,,,,,,,,,,
Bratkartoffeln,,,,,,,,,,,,
Bratwurst,,,,,,,,,,,,
Bratwurst,,,,,,,,,,,,
Bratwurst Hot Dog mit Sauerkraut,,,,,,,,,,,,
Bratwurst-Serviettenknoedel mit Sauerkraut,,,,,,,,,,,,
Braune Bratwurst,,,,,,,,,,,,
Braunkohl,,,,,,,,,,,,
Bretzel,,,,,,,,,,,,
Brezeln ,,,,,,,,,,,,
Brezenknoedel,,,,,,,,,,,,
Breznknoedel mit Pilzrahm,,,,,,,,,,,,
Brokkoli-Eintopf mit Cabanossi,,,,,,,,,,,,
Brombeerkuchen,,,,,,,,,,,,
Brotpudding,,,,,,,,,,,,
Brotzeit-Spiesse zum Oktoberfest mit Krautsalat,,,,,,,,,,,,
Buchteln mit Pflaumenmus und Vanillesosse,,,,,,,,,,,,
Buchweizenpfannkuchen,,,,,,,,,,,,
Buehler Zwetschgenkuchen,,,,,,,,,,,,
Buergerliche Kueche,,,,,,,,,,,,
Buletten-Auflauf,,,,,,,,,,,,
Bunte Bratkartoffelpfanne mit Spiegelei,,,,,,,,,,,,
Bunter Kartoffelsalat und Putenspiesschen mit Sesamkruste,,,,,,,,,,,,
Burger mit Sauerkraut,,,,,,,,,,,,
Butterbrezel mit Schnittlauch,,,,,,,,,,,,
Buttermilchplinsen,,,,,,,,,,,,
Cannelloni mit Wirsing-Ricotta-Fuellung und Hack-Sosse,,,,,,,,,,,,
Champagnerkraut,,,,,,,,,,,,
Champignon-Kartoffel-Pfanne mit Fruehlingszwiebeln,,,,,,,,,,,,
Champignonschnitzel,,,,,,,,,,,,
Crespelle mit Wirsing,,,,,,,,,,,,
Curry (Gewuerz),,,,,,,,,,,,
Curry Bratwurst,,,,,,,,,,,,
Currywurst,,,,,,,,,,,,
DDR Broetchen Rezept,,,,,,,,,,,,
DDR Tomatensosse Rezept,,,,,,,,,,,,
DDR-Jaegerschnitzel mit Tomatensosse und Spirelli,,,,,,,,,,,,
Daenischer Plunder,,,,,,,,,,,,
Dampfnudel,,,,,,,,,,,,
Dampfwurst,,,,,,,,,,,,
Der wahre Kartoffelsalat,,,,,,,,,,,,
Deutsche Kueche,,,,,,,,,,,,
Deutsche Kueche in den Vereinigten Staaten,,,,,,,,,,,,
Deutschland-Flaggen-Eis,,,,,,,,,,,,
Deutschland: Krautsalat,,,,,,,,,,,,
Dibbelabbes,,,,,,,,,,,,
Dijon-Senfsosse,,,,,,,,,,,,
Dinnele - Schwaebische Flammkuchen,,,,,,,,,,,,
Dinnete,,,,,,,,,,,,
Doener,,,,,,,,,,,,
Doener Kebab,,,,,,,,,,,,
Doeppekuchen,,,,,,,,,,,,
Dominosteine DDR Rezept,,,,,,,,,,,,
Donauwelle,,,,,,,,,,,,
Drei im Weggla (Bratwurst im Broetchen),,,,,,,,,,,,
Dresdner Eierschecke DDR Rezept,,,,,,,,,,,,
Echte Frankfurter Gruene Sauce mit Kartoffeln & Tafelspitz,,,,,,,,,,,,
Eier in Senfsauce (Senfeier),,,,,,,,,,,,
Eier mit Senfsauce,,,,,,,,,,,,
Eierpunsch,,,,,,,,,,,,
Eiersalat-Brotaufstrich,,,,,,,,,,,,
Eierschecke,,,,,,,,,,,,
Einfache Lebkuchenherzen,,,,,,,,,,,,
Eisbein,,,,,,,,,,,,
Eisbein in Aspik mit Bratkartoffeln,,,,,,,,,,,,
Endiviensalat mit Kartoffeln,,,,,,,,,,,,
Ente im Backofen mit Niedrigtemperatur,,,,,,,,,,,,
Ente mit Orangenrotkohl,,,,,,,,,,,,
Entenkeulen nach Omas Rezept,,,,,,,,,,,,
Erbseneintopf,,,,,,,,,,,,
Erzgebirgische Kueche,,,,,,,,,,,,
Espresso Marmorkuchen mit Mandeln,,,,,,,,,,,,
Falscher Hase,,,,,,,,,,,,
Falscher Hase DDR Rezept,,,,,,,,,,,,
Falscher Hase mit Salzkartoffeln und Gemuese,,,,,,,,,,,,
Falsches Filet,,,,,,,,,,,,
Fastenbrezel,,,,,,,,,,,,
Feines Huehnerfrikassee mit Reis,,,,,,,,,,,,
Fischfrikadelle,,,,,,,,,,,,
Fischstaebchen aus der Heissluftfritteuse,,,,,,,,,,,,
Fischstaebchen mit Kartoffelsalat,,,,,,,,,,,,
Flaedlesuppe,,,,,,,,,,,,
Flammkuchen-Zungen,,,,,,,,,,,,
Fleischkaese,,,,,,,,,,,,
Fleischkuechle,,,,,,,,,,,,
Fleischpflanzerl,,,,,,,,,,,,
Flusskrebssuppe,,,,,,,,,,,,
Fraenkische Apfelkraepfle,,,,,,,,,,,,
Fraenkische Bratwurst,,,,,,,,,,,,
Frankfurter Gestovtes,,,,,,,,,,,,
Frankfurter Gruene Sauce mit gegrillter Haehnchenbrust,,,,,,,,,,,,
Frankfurter Gruene Sosse mit Pellkartoffeln & Ei,,,,,,,,,,,,
Frankfurter Kranz,,,,,,,,,,,,
Frankfurter Schnitzel,,,,,,,,,,,,
Frankfurter Wuerstchen,,,,,,,,,,,,
Franzbroetchen,,,,,,,,,,,,
Frikadelle,,,,,,,,,,,,
Frikadellen aus der Heissluftfritteuse,,,,,,,,,,,,
Frikadellen mit Moehrengemuese & Kartoffelpueree,,,,,,,,,,,,
Frikadellen mit Senf,,,,,,,,,,,,
Frikassee DDR Rezept,,,,,,,,,,,,
Frischer Kartoffelsalat mit Apfel und Gurke & Radieschen,,,,,,,,,,,,
Frucht-Getreideschnitten,,,,,,,,,,,,
Fruechtebrot,,,,,,,,,,,,
Fuerst-Pueckler-Torte,,,,,,,,,,,,
Funkenkuechlein,,,,,,,,,,,,
Fussball Bacon-Cheese Pie-Pops,,,,,,,,,,,,
Fussball-Cupcakes,,,,,,,,,,,,
Gaensebraten gefuellt mit Sherry und Trockenfruechten,,,,,,,,,,,,
Gaensebraten mit Rosenkohl und Kartoffelknoedel und Bratapfel,,,,,,,,,,,,
Gaensekeule und Karotten auf Wirsingstampf,,,,,,,,,,,,
Gaensekeulen mit Lebkuchensosse und Birnen-Vanille-Rotkohl,,,,,,,,,,,,
Gaenseschmalz ,,,,,,,,,,,,
Gaisburger Marsch,,,,,,,,,,,,
Gebrannte Haselnuesse,,,,,,,,,,,,
Gebratene Gruene Bohnen,,,,,,,,,,,,
Gebratene Scholle mit Gemuesewuerfeln und Dillkartoffeln,,,,,,,,,,,,
Gebratene Schweineleber mit Kartoffelbrei,,,,,,,,,,,,
Gebratener Lachs auf winterlichem Wirsingkartoffelstampf,,,,,,,,,,,,
Gedeckter Apfelkuchen,,,,,,,,,,,,
Gedeckter Apfelkuchen vom Blech,,,,,,,,,,,,
Geeistes Rote-Gruetze-Sueppchen mit Joghurt-Gelee,,,,,,,,,,,,
Gefuellte Broetchen mit Hackfleisch DDR Rezept,,,,,,,,,,,,
Gefuellte Gurke,,,,,,,,,,,,
Gefuellte Kohlrabi,,,,,,,,,,,,
Gefuellte Putenbrust mit Gorgonzolacreme,,,,,,,,,,,,
Gefuellte Schmorgurken mit Kartoffeln,,,,,,,,,,,,
Gefuellte Zwiebel,,,,,,,,,,,,
Gefuellte Zwiebel mit Champignons und Kartoffelpueree,,,,,,,,,,,,
Gegrillter Krustenbraten mit Bratkartoffeln,,,,,,,,,,,,
Gehacktesstippe DDR Rezept,,,,,,,,,,,,
Gemuese im Bierteig,,,,,,,,,,,,
Gemuese-Kartoffel-Torte mit Speck,,,,,,,,,,,,
Gemuese-Pasta mit Speck,,,,,,,,,,,,
Gemueseauflauf mit Brotcrumble,,,,,,,,,,,,
Gemueseauflauf unter Kartoffelpuereedecke,,,,,,,,,,,,
German Bowl,,,,,,,,,,,,
Germknoedel mit Vanillesosse & Mohn,,,,,,,,,,,,
Geroesteter Rosenkohl,,,,,,,,,,,,
Geroesteter Rosenkohl mit Mandelblaettchen,,,,,,,,,,,,
Geschmorte Currykartoffeln mit Mettwurst,,,,,,,,,,,,
Geschnetzeltes,,,,,,,,,,,,
Gewuerzgurken im Steintopf DDR Rezept,,,,,,,,,,,,
Gleichgewichtskuchen,,,,,,,,,,,,
Gratinierte Fischstaebchen im Schinkenmantel,,,,,,,,,,,,
Graubrot,,,,,,,,,,,,
Griebenschmalz ,,,,,,,,,,,,
Griebenschmalz DDR Rezept,,,,,,,,,,,,
Griessbrei,,,,,,,,,,,,
Griesskloesschen,,,,,,,,,,,,
Griesssuppe,,,,,,,,,,,,
Grillhaxe mit Ananas-Sauerkraut,,,,,,,,,,,,
Grillkartoffeln mit Liebstoeckel,,,,,,,,,,,,
Grossmutters Kaesekuchen,,,,,,,,,,,,
Gruene Kloesse DDR Rezept,,,,,,,,,,,,
Gruene Sauce,,,,,,,,,,,,
Gruene Sosse,,,,,,,,,,,,
Gruener Kartoffelsalat,,,,,,,,,,,,
Gruener Spargel Kartoffelsalat,,,,,,,,,,,,
Gruener Spargel mit Erdbeer-Chili-Vinaigrette,,,,,,,,,,,,
Gruenkohl Rheinische Art,,,,,,,,,,,,
Gruenkohl mit Bratkartoffeln und Kasseler,,,,,,,,,,,,
Gruenkohl norddeutsche Art,,,,,,,,,,,,
Gruenkohl-Auflauf mit Pute,,,,,,,,,,,,
Gruetzwurst,,,,,,,,,,,,
Gruetzwurst DDR Rezept,,,,,,,,,,,,
Grundrezept Brot,,,,,,,,,,,,
Grundrezept Kartoffelkloesse,,,,,,,,,,,,
Grundrezept Pastete,,,,,,,,,,,,
Grundrezept Reibekuchen,,,,,,,,,,,,
Grundrezept Semmelknoedel,,,,,,,,,,,,
Grundrezept Spaetzle Teig,,,,,,,,,,,,
Gugelhupf,,,,,,,,,,,,
Gulasch mit Spaetzle,,,,,,,,,,,,
Gurkensalat,,,,,,,,,,,,
Gurkensalat mit Milch,,,,,,,,,,,,
Hack-Kohl-Topf,,,,,,,,,,,,
Hackbraten im Blaetterteig,,,,,,,,,,,,
Hackbraten in Kastenform,,,,,,,,,,,,
Hackbraten mit Kaese,,,,,,,,,,,,
Hackus und Knieste,,,,,,,,,,,,
Haeckerle,,,,,,,,,,,,
Haeckerle Original DDR Rezept,,,,,,,,,,,,
Haehnchen-Pasta,,,,,,,,,,,,
Haehnchenfilets zu nussigen Spaetzle,,,,,,,,,,,,
Halbe Paprika mit Hackfuellung,,,,,,,,,,,,
Hamburger,,,,,,,,,,,,
Hamburger Apfelschnitte,,,,,,,,,,,,
Handbrot mit Kaese und Schinken & Kraeuterschmand,,,,,,,,,,,,
Handkaese mit Musik,,,,,,,,,,,,
Harzer-Kaese-Salat mit Tomaten,,,,,,,,,,,,
Hasenpfeffer,,,,,,,,,,,,
Hausmannskost,,,,,,,,,,,,
Hefekloesse DDR Rezept,,,,,,,,,,,,
Heidelbeerkuchen,,,,,,,,,,,,
Hendl - halbes Haehnchen mit warmem Kartoffelsalat,,,,,,,,,,,,
Herbstliche Apfeltarte,,,,,,,,,,,,
Herbstlicher Putenbrust-Burger,,,,,,,,,,,,
Heringssalat DDR Rezept,,,,,,,,,,,,
Herrencreme,,,,,,,,,,,,
Herrencreme mit Whisky,,,,,,,,,,,,
Hessischer Schmandkuchen,,,,,,,,,,,,
Himmel un Aeaed (Himmel und Erde),,,,,,,,,,,,
Hippe (Gebaeck),,,,,,,,,,,,
Hochzeitssuppe,,,,,,,,,,,,
Hochzeitssuppe mit Eierstich,,,,,,,,,,,,
Hofer Schnitz,,,,,,,,,,,,
Holunderschnaps (mit Blueten),,,,,,,,,,,,
Hoppel Poppel - Berliner Omelett,,,,,,,,,,,,
Hotdog,,,,,,,,,,,,
Huckelkuchen,,,,,,,,,,,,
Huedel,,,,,,,,,,,,
Huehnchenleber mit Kartoffelbrei,,,,,,,,,,,,
Huehnerfrikassee,,,,,,,,,,,,
Huehnerfrikassee mit Okraschoten,,,,,,,,,,,,
Huehnersuppe,,,,,,,,,,,,
Huehnersuppe mit Griesskloesschen,,,,,,,,,,,,
Huehnersuppe mit Huehnerbrust,,,,,,,,,,,,
Im Ofen geschmorter Cranberry-Rotkohl zu Entenbrust,,,,,,,,,,,,
Jackfruit-Geschnetzeltes,,,,,,,,,,,,
Jaegerschnitzel,,,,,,,,,,,,
Jagdwurst,,,,,,,,,,,,
Johannisbeergelee ,,,,,,,,,,,,
Johannisbeerlikoer mit Wodka,,,,,,,,,,,,
Kaesebeisser,,,,,,,,,,,,
Kaesefondue mit Beilagen,,,,,,,,,,,,
Kaeserolle DDR Rezept,,,,,,,,,,,,
Kaesespaetzle,,,,,,,,,,,,
Kaesespaetzle mit ja! Bergkaese,,,,,,,,,,,,
Kaesesuppe,,,,,,,,,,,,
Kaesesuppe mit Hack,,,,,,,,,,,,
Kaiserschmarrn,,,,,,,,,,,,
Kaiserschmarrn mit Erdbeeren,,,,,,,,,,,,
Kaiserschmarrn mit Schnittlauch-Dip,,,,,,,,,,,,
Kaisersuppe,,,,,,,,,,,,
Kalbsbaeckchen Rezept,,,,,,,,,,,,
Kalbsbries Rumohr,,,,,,,,,,,,
Kalbsschnitzel mit Suesskartoffelgratin,,,,,,,,,,,,
Kalter Hund ohne Ei,,,,,,,,,,,,
Kalter Hund ohne Kokosfett,,,,,,,,,,,,
Kaltes Buffet,,,,,,,,,,,,
Kaltschale,,,,,,,,,,,,
Kaninchenkeulen nach Omas Rezept,,,,,,,,,,,,
Karamellisierter weisser Spargel mit Erdbeeren & gruenem Pfeffer,,,,,,,,,,,,
Karlsbader Schnitte,,,,,,,,,,,,
Karneval-Schuerzkuchen,,,,,,,,,,,,
Karotten-Donuts mit Pistaziensplittern,,,,,,,,,,,,
Kartoffel-Auflauf mit Liebstoeckel,,,,,,,,,,,,
Kartoffel-Duett,,,,,,,,,,,,
Kartoffel-Lauch-Suppe mit Speck & Knoblauch-Croutons,,,,,,,,,,,,
Kartoffel-Topf mit Schnittlauch-Schmand,,,,,,,,,,,,
Kartoffel-Zimt-Kuchen (Daetscher) mit Pekannuessen,,,,,,,,,,,,
Kartoffelgulasch,,,,,,,,,,,,
Kartoffelkloss,,,,,,,,,,,,
Kartoffelknoedel mit Veggie-Gulasch,,,,,,,,,,,,
Kartoffelkuchen vom Blech,,,,,,,,,,,,
Kartoffelpfanne mit Gurken,,,,,,,,,,,,
Kartoffelpfannkuchen,,,,,,,,,,,,
Kartoffelpueree,,,,,,,,,,,,
Kartoffelpuffer,,,,,,,,,,,,
Kartoffelpuffer ,,,,,,,,,,,,
Kartoffelpuffer mit frischem Apfelmus,,,,,,,,,,,,
Kartoffelsalat mit Mayonnaise,,,,,,,,,,,,
Kartoffelsalat mit Speck und Champignons,,,,,,,,,,,,
Kartoffelsuppe mit Bratwurst-Baellchen,,,,,,,,,,,,
Kartoffelsuppe mit Brezel-Knusper,,,,,,,,,,,,
Kartoffelsuppe mit Krabben,,,,,,,,,,,,
Kartoffelsuppe mit Wuerstchen,,,,,,,,,,,,
Kasseler,,,,,,,,,,,,
Kasseler mit Sauerkraut und Kartoffelpueree,,,,,,,,,,,,
Kawassy,,,,,,,,,,,,
Kerniges Vollkornbrot,,,,,,,,,,,,
Kesselfleisch,,,,,,,,,,,,
Kirschenmichel,,,,,,,,,,,,
Kirschmichel,,,,,,,,,,,,
Klassische Engelsaugen,,,,,,,,,,,,
Klassische Erbsensuppe,,,,,,,,,,,,
Klassische Linsensuppe,,,,,,,,,,,,
Klassische Rote Gruetze,,,,,,,,,,,,
Klassische Rouladen mit Salzkartoffeln und Rotkohl,,,,,,,,,,,,
Klassischer Hamburger,,,,,,,,,,,,
Klassischer Hot Dog & Tex Mex Hot Dog,,,,,,,,,,,,
Klassischer Kaiserschmarrn,,,,,,,,,,,,
Klassischer Kartoffelsalat - neu interpretiert mit Mango,,,,,,,,,,,,
Klassischer Krautsalat,,,,,,,,,,,,
Klassischer Zwiebelkuchen mit geroesteten Walnuessen,,,,,,,,,,,,
Kleine Zwiebelkuchen mit Oliven,,,,,,,,,,,,
Kloss,,,,,,,,,,,,
Kniekuechle,,,,,,,,,,,,
Knieperkohl,,,,,,,,,,,,
Knoedelbrot,,,,,,,,,,,,
Knusprige Apfel-Muffins,,,,,,,,,,,,
Knusprige Fisch-Frikadellen mit BÃÂÃÂ¸chamelkartoffeln,,,,,,,,,,,,
Knusprige Zimt-Kloesse mit Apfel-Zwetschgen-Kompott,,,,,,,,,,,,
Kochkaese,,,,,,,,,,,,
Kochpolnische,,,,,,,,,,,,
Koenigsberger Huhn Klopse,,,,,,,,,,,,
Koenigsberger Klopse,,,,,,,,,,,,
Koenigsberger Klopse mit Kartoffeln,,,,,,,,,,,,
Koenigsberger Klopse original DDR Rezept,,,,,,,,,,,,
Kohlrabi mit Bratwurst,,,,,,,,,,,,
Kohlrabi-Hack-Pfanne,,,,,,,,,,,,
Kohlrabi-Slaw,,,,,,,,,,,,
Kohlroulade,,,,,,,,,,,,
Kohlrouladen mit Hackfuellung,,,,,,,,,,,,
Kohlrouladen nach Omas Art,,,,,,,,,,,,
Kohlsuppe mit wuerzigem Pesto & Joghurt,,,,,,,,,,,,
Kohltopf mit Rindfleisch,,,,,,,,,,,,
Kohlwurst,,,,,,,,,,,,
Kommissbrot,,,,,,,,,,,,
Kornbrand,,,,,,,,,,,,
Krabben mit Ruehrei,,,,,,,,,,,,
Krabben-Cocktail und kalte Ente,,,,,,,,,,,,
Krabbensuppe,,,,,,,,,,,,
Krabbentoast,,,,,,,,,,,,
Kraeuter-Franzbroetchen,,,,,,,,,,,,
Krakauer,,,,,,,,,,,,
Krakauer Wuerstchen,,,,,,,,,,,,
Krautfleckerl,,,,,,,,,,,,
Krautpfanne DDR Rezept,,,,,,,,,,,,
Krautsalat mit Speck,,,,,,,,,,,,
Krautsalatstrudel mit Mettwurstchips,,,,,,,,,,,,
Krautstrudel mit Kraeuterdip,,,,,,,,,,,,
Krautwickel mit Gemuese,,,,,,,,,,,,
Kueche der Deutschen Demokratischen Republik,,,,,,,,,,,,
Kuerbis und Aepfel und Kartoffeln aus dem Ofen,,,,,,,,,,,,
Kuerbis-Donuts,,,,,,,,,,,,
Kuerbis-G`roestel,,,,,,,,,,,,
Kuerbiskompott DDR Rezept,,,,,,,,,,,,
Labskaus,,,,,,,,,,,,
Lammkoteletts mit Rosmarinkartoffeln,,,,,,,,,,,,
Laugen Buns,,,,,,,,,,,,
Lauwarmer Spargelsalat mit Lachsschinken,,,,,,,,,,,,
Leberkaese,,,,,,,,,,,,
Leberknoedel,,,,,,,,,,,,
Leberknoedelsuppe,,,,,,,,,,,,
Leberspaetzle,,,,,,,,,,,,
Leberwurst  - DDR Rezept,,,,,,,,,,,,
Lebkuchen-Plaetzchen,,,,,,,,,,,,
Lebkuchengewuerz,,,,,,,,,,,,
Leipziger Allerlei,,,,,,,,,,,,
Leipziger Allerlei auf Pizza,,,,,,,,,,,,
Leipziger Lerchen,,,,,,,,,,,,
Leipziger Lerchen mit Orange,,,,,,,,,,,,
Liebstoeckel Wuerzpaste,,,,,,,,,,,,
Lila Gewuerz-Sauerkraut,,,,,,,,,,,,
Linsen mit Spaetzle,,,,,,,,,,,,
Linseneintopf,,,,,,,,,,,,
Loewenzahnsalat,,,,,,,,,,,,
Lucca-Augen,,,,,,,,,,,,
Lucca-Augen (Gebaeck),,,,,,,,,,,,
Lyoner,,,,,,,,,,,,
Lyoner,,,,,,,,,,,,
Maibowle,,,,,,,,,,,,
Mandel-Milchreis mit Birnen & Nuessen,,,,,,,,,,,,
Marillenknoedel mit Zuckerbroeseln,,,,,,,,,,,,
Marillenknoedel mit Zuckerbroeseln,,,,,,,,,,,,
Marinierte Schweinenackensteaks mit Feta-Dip,,,,,,,,,,,,
Markkloesschen,,,,,,,,,,,,
Maronenbutter,,,,,,,,,,,,
Martinsgans,,,,,,,,,,,,
Matjes Hausfrauenart,,,,,,,,,,,,
Matjes mit Kartoffelsalat,,,,,,,,,,,,
Matjessalat,,,,,,,,,,,,
Maultaschen,,,,,,,,,,,,
Maultaschen in Roesttomatensuppe,,,,,,,,,,,,
Maultaschen mit Aepfeln & Bacon,,,,,,,,,,,,
Maultaschen mit Ei-Braterei,,,,,,,,,,,,
Maultaschen mit Quark-Kartoffelfuellung,,,,,,,,,,,,
Maultaschen vom Tafelspitz mit Spaetburgunder-Perlzwiebeln,,,,,,,,,,,,
Maultaschen-Auflauf,,,,,,,,,,,,
Maultaschen-Gemuesepfanne mit Kraeuterdip,,,,,,,,,,,,
Maultaschen-Gratin,,,,,,,,,,,,
Maultaschenpfanne,,,,,,,,,,,,
Maultaschensalat,,,,,,,,,,,,
Meerrettichsauce,,,,,,,,,,,,
Mehlkloesse DDR Rezept,,,,,,,,,,,,
Mehlsuppe,,,,,,,,,,,,
Mett,,,,,,,,,,,,
Mett ,,,,,,,,,,,,
Mettwurst,,,,,,,,,,,,
Mettwurst,,,,,,,,,,,,
Miesmuscheln auf rheinische Art mit Schwarzbrot,,,,,,,,,,,,
Milbenkaese,,,,,,,,,,,,
Milchkohl,,,,,,,,,,,,
Milchnudeln,,,,,,,,,,,,
Milchsuppe DDR Rezept,,,,,,,,,,,,
Mini Berliner,,,,,,,,,,,,
Mini Mettigel auf Brot,,,,,,,,,,,,
Mini-Schnitzel in Kraeuter-Nuss-Panade,,,,,,,,,,,,
Minutensteaks vom Kalb mit Roestzwiebeln & Bratkartoffeln,,,,,,,,,,,,
Moehren-Fenchel-Durcheinander,,,,,,,,,,,,
Moehren-Frikadellen mit Kartoffelstampf & Bundmoehren,,,,,,,,,,,,
Moehreneintopf,,,,,,,,,,,,
Moehreneintopf mit Hackfleisch,,,,,,,,,,,,
Mohnkuchen,,,,,,,,,,,,
Mohnpielen,,,,,,,,,,,,
Mohnstriezel,,,,,,,,,,,,
Mohntorte,,,,,,,,,,,,
Mooskuchen,,,,,,,,,,,,
Mortadella,,,,,,,,,,,,
Muenchner Weisswurst,,,,,,,,,,,,
Muscheln in Tomatensauce,,,,,,,,,,,,
Mutze,,,,,,,,,,,,
Muzenmandeln,,,,,,,,,,,,
Neue Kartoffeln mit laktosefreiem Kraeuterquark und Salat,,,,,,,,,,,,
Nocken (Gericht),,,,,,,,,,,,
Norddeutsche Pfannkuchen,,,,,,,,,,,,
Nordisches Fischbroetchen,,,,,,,,,,,,
Nordsee-Schellfisch an Senfsosse,,,,,,,,,,,,
Nuernberger Rostbratwuerstchen auf Steckrueben-Gemuese,,,,,,,,,,,,
Nuernberger Wurst,,,,,,,,,,,,
Nuss-Spekulatius-Stollen,,,,,,,,,,,,
Nusskuchen,,,,,,,,,,,,
Nusstorte,,,,,,,,,,,,
Nusszopf,,,,,,,,,,,,
Obazda,,,,,,,,,,,,
Ochsenfetzen-Semmeln mit Biersauce,,,,,,,,,,,,
Ochsenschwanzragout mit Dunkelbiersauce,,,,,,,,,,,,
Ofen-Kartoffelsalat mit Fruehlingsgemuese,,,,,,,,,,,,
Ofenkaese,,,,,,,,,,,,
Oktoberfest Hotdog,,,,,,,,,,,,
Omas Hackbraten,,,,,,,,,,,,
Omas Kartoffelkuchen,,,,,,,,,,,,
Omas Kohlrabi Eintopf,,,,,,,,,,,,
Omas Wirsing-Gemuese,,,,,,,,,,,,
Omelett mit Spargel,,,,,,,,,,,,
Ostfriesische Kueche,,,,,,,,,,,,
Panierter Blumenkohl ohne Vorkochen,,,,,,,,,,,,
Pannfisch mit Bratkartoffeln,,,,,,,,,,,,
Paprika-Rahm-Schnitzel mit Kartoffelbrei,,,,,,,,,,,,
Pasta mit hausgemachter Bolognese Sosse,,,,,,,,,,,,
Pellkartoffeln im Schnellkochtopf,,,,,,,,,,,,
Pellkartoffeln mit dreierlei Quark,,,,,,,,,,,,
Pfaelzer Saumagen,,,,,,,,,,,,
Pfannkuchen mit Kaese,,,,,,,,,,,,
Pfeffernuss,,,,,,,,,,,,
Pfefferpotthast,,,,,,,,,,,,
Pflaumenkompott mit Zimt & Vanille,,,,,,,,,,,,
Pflaumenmuskuchen DDR Rezept,,,,,,,,,,,,
Pichelsteiner Eintopf,,,,,,,,,,,,
Pikante Sauerkraut-Quiche,,,,,,,,,,,,
Pizzazopf mit Herbstgemuese,,,,,,,,,,,,
Plinse,,,,,,,,,,,,
Pochiertes Kasseler mit gruener Sosse,,,,,,,,,,,,
Pollackfilet nach Hausfrauenart,,,,,,,,,,,,
Porree-Suppe mit Mettwurstchips,,,,,,,,,,,,
Porreegemuese DDR Rezept,,,,,,,,,,,,
Pottsuse,,,,,,,,,,,,
Prasselkuchen,,,,,,,,,,,,
Presswurst,,,,,,,,,,,,
Prinzregententorte,,,,,,,,,,,,
Prophetenkuchen DDR Rezept,,,,,,,,,,,,
Puddingschnecke,,,,,,,,,,,,
Pumuckel,,,,,,,,,,,,
Quark-Mohnkuchen,,,,,,,,,,,,
Quark-Spaetzle mit Champignons und Feta-Salat,,,,,,,,,,,,
Quarkbaellchen,,,,,,,,,,,,
Quarkkeulchen,,,,,,,,,,,,
Quarkspaetzle mit Wirsing,,,,,,,,,,,,
Quarkspitzen nach DDR Rezept,,,,,,,,,,,,
Quittenbrot,,,,,,,,,,,,
Raclette-Pfaennchen mit Kaesespaetzle,,,,,,,,,,,,
Radieschen-Salat mit Weisswurst & selbstgemachten Brezeln,,,,,,,,,,,,
Radieschenquark mit Kartoffeln,,,,,,,,,,,,
Raeuberbraten DDR Rezept,,,,,,,,,,,,
Ragout fin,,,,,,,,,,,,
Rahmgulasch mit Kuerbis,,,,,,,,,,,,
Rampen,,,,,,,,,,,,
Ravioli mit Spargel und Basilikum-Oel,,,,,,,,,,,,
Regensburger Wurstsalat,,,,,,,,,,,,
Reh-Gulasch,,,,,,,,,,,,
Rehbraten mit Quitten-Chutney,,,,,,,,,,,,
Rehgulasch im Backofen,,,,,,,,,,,,
Rehpfeffer,,,,,,,,,,,,
Rehruecken (Kuchen),,,,,,,,,,,,
Reibekuchen aus dem Backofen,,,,,,,,,,,,
Reibekuchen mit Apfelmus,,,,,,,,,,,,
Restaurationsbrot,,,,,,,,,,,,
Rezept Papageienkuchen DDR,,,,,,,,,,,,
Rhabarber-Brioche-Pudding,,,,,,,,,,,,
Rheinische Kartoffelsuppe,,,,,,,,,,,,
Rheinischer Bohnentopf,,,,,,,,,,,,
Rheinischer Sauerbraten,,,,,,,,,,,,
Rinderbraten mit Kraeutern,,,,,,,,,,,,
Rinderbraten mit Semmelknoedeln und Preiselbeer-Birnen,,,,,,,,,,,,
Rinderbratwurst,,,,,,,,,,,,
Rinderbruehe,,,,,,,,,,,,
Rinderbruehe mit Flaedle,,,,,,,,,,,,
Rinderfilet mit Ofenkartoffeln und Salat,,,,,,,,,,,,
Rinderfond ,,,,,,,,,,,,
Rinderroulade,,,,,,,,,,,,
Rinderrouladen auf Ofengemuese,,,,,,,,,,,,
Rinderrouladen mit Datteln,,,,,,,,,,,,
Rinderrouladen mit Kartoffeln und Rotkohl,,,,,,,,,,,,
Rinderrouladen nach Hausfrauenart,,,,,,,,,,,,
Rinderschmorbraten,,,,,,,,,,,,
Rindersteak in Wodkamarinade,,,,,,,,,,,,
Rindfleischsuppe,,,,,,,,,,,,
Roesti-Auflauf mit versunkenen Spiegeleiern,,,,,,,,,,,,
Rohe Kloesse,,,,,,,,,,,,
Rohe Krakauer,,,,,,,,,,,,
Rohrnudeln,,,,,,,,,,,,
Rollbraten mit Speck-Pilz-Fuellung und Brokkoli & Kartoffeln,,,,,,,,,,,,
Rosenkohl-Kartoffel-Auflauf,,,,,,,,,,,,
Rosenkohl-Kuerbis-Spiesse mit Orangen-Gremolata,,,,,,,,,,,,
Rosenkuchen mit Aepfeln,,,,,,,,,,,,
Rosmarin-Kartoffeln aus der Heissluftfritteuse,,,,,,,,,,,,
Rostbratwuerstchen mit norddeutschem Kartoffelsalat,,,,,,,,,,,,
Rotbarsch mit Panade und Remoulade,,,,,,,,,,,,
Rote Gruetze,,,,,,,,,,,,
Rote Gruetze mit Traubensaft,,,,,,,,,,,,
Rote Gruetze mit Vanillesosse,,,,,,,,,,,,
Rotkohl nach Omas Art,,,,,,,,,,,,
Rotkohlauflauf,,,,,,,,,,,,
Rotweinkuchen,,,,,,,,,,,,
Rouladen im Schnellkochtopf,,,,,,,,,,,,
Rouladentopf,,,,,,,,,,,,
Ruehrkuchen mit Apfelmus,,,,,,,,,,,,
Ruehrkuchen mit Eierlikoer,,,,,,,,,,,,
Ruehrtofu zu Kartoffelpueree und Rahmspinat,,,,,,,,,,,,
Rumkugel,,,,,,,,,,,,
Russische Eier,,,,,,,,,,,,
Saarlaendische Kueche,,,,,,,,,,,,
Sachsen-Anhaltische Kueche,,,,,,,,,,,,
Saechsische Quarktorte,,,,,,,,,,,,
Saftig gefuellter Brotring,,,,,,,,,,,,
Sahnehering,,,,,,,,,,,,
Salami,,,,,,,,,,,,
Salat Nizza mit Bismarckhering,,,,,,,,,,,,
Salat aus Presssack und Brezn-Wuerfeln,,,,,,,,,,,,
Salbeikuechlein,,,,,,,,,,,,
Salzkuchen,,,,,,,,,,,,
Sauerbraten im Schnellkochtopf,,,,,,,,,,,,
Sauerbratengulasch mit Bandnudeln,,,,,,,,,,,,
Sauerbratenragout,,,,,,,,,,,,
Sauerfleisch,,,,,,,,,,,,
Sauerfleisch DDR Rezept,,,,,,,,,,,,
Sauerkraut,,,,,,,,,,,,
Sauerkraut,,,,,,,,,,,,
Sauerkraut mit Speck,,,,,,,,,,,,
Sauerkrautgulasch mit Kartoffelpueree und Schmand,,,,,,,,,,,,
Sauerkrautsalat,,,,,,,,,,,,
Sauerkrautsuppe mit Knoblauch-Croutons,,,,,,,,,,,,
Saure Guerkchen,,,,,,,,,,,,
Saure Kutteln,,,,,,,,,,,,
Saure Nieren,,,,,,,,,,,,
Saure Sahne Kuchen DDR Rezept,,,,,,,,,,,,
Schaeufele,,,,,,,,,,,,
Schales mit Rettich: saarlaendischer Kartoffelkuchen,,,,,,,,,,,,
Schaschlik,,,,,,,,,,,,
Schaschliktopf,,,,,,,,,,,,
Schichtsalat,,,,,,,,,,,,
Schildkroetensuppe,,,,,,,,,,,,
Schinkenkrakauer,,,,,,,,,,,,
Schinkennudeln,,,,,,,,,,,,
Schinkenroellchen mit Champagnerkraut,,,,,,,,,,,,
Schlachtplatte,,,,,,,,,,,,
Schlesische Kueche,,,,,,,,,,,,
Schlesischer Streuselkuchen Originalrezept,,,,,,,,,,,,
Schlueterbrot,,,,,,,,,,,,
Schmalz ,,,,,,,,,,,,
Schmarrn,,,,,,,,,,,,
Schnecke (Gebaeck),,,,,,,,,,,,
Schneeball (Gebaeck),,,,,,,,,,,,
Schnellgurken DDR Rezept,,,,,,,,,,,,
Schnippelbohnen,,,,,,,,,,,,
Schnitzel Holstein,,,,,,,,,,,,
Schnitzel mit Gurkensalat und Bratkartoffeln,,,,,,,,,,,,
Schnitzelspiesse mit Kartoffelgratin,,,,,,,,,,,,
Schnuesch,,,,,,,,,,,,
Schnuesch-Gratin,,,,,,,,,,,,
Schokoladen-Kirsch-Torte,,,,,,,,,,,,
Schokolierte Fruechte,,,,,,,,,,,,
Schollenfilets mit Krabben,,,,,,,,,,,,
Schupfnudel,,,,,,,,,,,,
Schupfnudeln mit Schinken und Zwetschgen,,,,,,,,,,,,
Schwaebische Dampfnudeln mit Vanillesosse,,,,,,,,,,,,
Schwaebische Seelen,,,,,,,,,,,,
Schwaebischer Kartoffelkuchen,,,,,,,,,,,,
Schwaebischer Spaetzleteig Rezept,,,,,,,,,,,,
Schwarz-Rot-Gold-Burger,,,,,,,,,,,,
Schwarzbrot,,,,,,,,,,,,
Schwarzwaelder Kirschrolle,,,,,,,,,,,,
Schwarzwaelder Kirschtorte,,,,,,,,,,,,
Schwarzwaelder Kirschtorte ohne Alkohol,,,,,,,,,,,,
Schwarzwaelder Kirschtorte vom Blech,,,,,,,,,,,,
Schwarzwaelder-Kirsch-Muffins,,,,,,,,,,,,
Schwedeneisbecher,,,,,,,,,,,,
Schweinebauch,,,,,,,,,,,,
Schweinebauch aus der Heissluftfritteuse,,,,,,,,,,,,
Schweinebraten in Zwiebel-Biersosse,,,,,,,,,,,,
Schweinebraten mit Apfel,,,,,,,,,,,,
Schweinefilet mit Liebstoeckel-Sahnesosse,,,,,,,,,,,,
Schweinefilet mit Spargel,,,,,,,,,,,,
Schweinefilet mit Spinatspaetzle und Waldpilzragout,,,,,,,,,,,,
Schweinekrustenbraten mit Rosenkohl & Suesskartoffelcreme,,,,,,,,,,,,
Schweinelendchen mit lauwarmem Blumenkohl-Brokkoli-Salat,,,,,,,,,,,,
Schweinepfeffer,,,,,,,,,,,,
Schweinerollbraten mit Nussfuellung,,,,,,,,,,,,
Schweinshaxen im Backofen,,,,,,,,,,,,
Schweizer Wurstsalat,,,,,,,,,,,,
Schwenkbraten aus dem Saarland,,,,,,,,,,,,
Seezunge Muellerin Art,,,,,,,,,,,,
Sellerie-Stampf mit Radieschen,,,,,,,,,,,,
Selterwasserkuchen DDR Rezept,,,,,,,,,,,,
Semmelknoedel,,,,,,,,,,,,
Semmelknoedel aus dem Dampfgarer,,,,,,,,,,,,
Senfeier,,,,,,,,,,,,
Servietten Knoedel nach Omas Rezept,,,,,,,,,,,,
Solei,,,,,,,,,,,,
Sonntagssuppe,,,,,,,,,,,,
Spaetzlepfanne mit Kraeuter-Pilzragout,,,,,,,,,,,,
Spaetzlepfanne mit Pilzen & Cranberries,,,,,,,,,,,,
Spaetzlepfanne mit Sauerkraut und Paprika,,,,,,,,,,,,
Spanferkelbraten,,,,,,,,,,,,
Spargel Pfannkuchen,,,,,,,,,,,,
Spargel mit Orangen-Hollandaise,,,,,,,,,,,,
Spargel mit Sauce Hollandaise,,,,,,,,,,,,
Spargel mit Sauce Hollandaise und Prosciutto,,,,,,,,,,,,
Spargelcremesuppe,,,,,,,,,,,,
Spargelplatte mit Roastbeef und Remoulade,,,,,,,,,,,,
Spargelsuppe aus Spargelschalen,,,,,,,,,,,,
Spargelsuppe mit Ei,,,,,,,,,,,,
Spargelsuppe mit gebratenem gruenen Spargel,,,,,,,,,,,,
Speckknoedel,,,,,,,,,,,,
Speckkuchen DDR Rezept,,,,,,,,,,,,
Specksauce,,,,,,,,,,,,
Spiessbraten,,,,,,,,,,,,
Spiessbraten mit Kartoffelsalat,,,,,,,,,,,,
Spinat mit Spiegelei und Salzkartoffeln,,,,,,,,,,,,
Spinat-Kaese-Spaetzle,,,,,,,,,,,,
Spinatauflauf,,,,,,,,,,,,
Spinatknoedel mit Parmesan,,,,,,,,,,,,
Spitzkohl-Rouladen auf mediterrane Art,,,,,,,,,,,,
Splitterbroetchen DDR Rezept,,,,,,,,,,,,
Spundekaese Rezept,,,,,,,,,,,,
Steckrueben-Eintopf mit Wiener Wuerstchen,,,,,,,,,,,,
Steckruebeneintopf,,,,,,,,,,,,
Steckruebeneintopf mit Hackbaellchen,,,,,,,,,,,,
Stielmus,,,,,,,,,,,,
Stollen (Gebaeck),,,,,,,,,,,,
Stopsel,,,,,,,,,,,,
Strammer Max,,,,,,,,,,,,
Streuselkuchen,,,,,,,,,,,,
Streuseltaler,,,,,,,,,,,,
Striezel,,,,,,,,,,,,
Stutenkerl,,,,,,,,,,,,
Sucuk,,,,,,,,,,,,
Suelzkotelett,,,,,,,,,,,,
Suess-saure Bohnen DDR Rezept,,,,,,,,,,,,
Suess-saure Eier DDR Rezept,,,,,,,,,,,,
"Suesse Kartoffel-Kloesse ""Gfeide Erdaepfel""",,,,,,,,,,,,
Suesser Kartoffelkuchen,,,,,,,,,,,,
Tafelspitz mit Meerrettichsosse,,,,,,,,,,,,
Teegebaeck,,,,,,,,,,,,
Teerdisch,,,,,,,,,,,,
Texas Chili Hot Dog,,,,,,,,,,,,
Thorner Lebkuchen,,,,,,,,,,,,
Thueringer Kartoffelkloesse,,,,,,,,,,,,
Thueringer Rostbraetel DDR Rezept,,,,,,,,,,,,
Thueringer Rostbratwurst mit Kartoffelpueree & Sauerkraut,,,,,,,,,,,,
Tiramisu auf Hessisch,,,,,,,,,,,,
Toast Hawaii,,,,,,,,,,,,
Torjaeger-Hotdogs,,,,,,,,,,,,
Tueften un Plum,,,,,,,,,,,,
Vegane Gruene Sauce mit Quinoa-Gemuese Bratlingen,,,,,,,,,,,,
Vegane Kaesespaetzle,,,,,,,,,,,,
Vegane Maultaschen,,,,,,,,,,,,
Vegane Mutzenmandeln,,,,,,,,,,,,
Vegane Rouladen,,,,,,,,,,,,
Vegane Schwarzwaelder Kirschtorte,,,,,,,,,,,,
Vegane Zucchinischnitzel auf Salat,,,,,,,,,,,,
Veganer Frankfurter Kranz,,,,,,,,,,,,
Veganer Kartoffelauflauf,,,,,,,,,,,,
Veganes Filet Wellington mit Rotkohl,,,,,,,,,,,,
Vegetarische Bratensosse,,,,,,,,,,,,
Vegetarische Kohlroulade,,,,,,,,,,,,
Vegetarischer Zwiebelkuchen,,,,,,,,,,,,
Vegetarischer Zwiebelschmalz,,,,,,,,,,,,
Versunkener Apfelkuchen,,,,,,,,,,,,
Volkswagen-Currywurst,,,,,,,,,,,,
Vorgegarte Schweinshaxe im Ofen,,,,,,,,,,,,
Warmer Rotkohlsalat mit Granatapfel und Walnuessen,,,,,,,,,,,,
Weckmann,,,,,,,,,,,,
Weckmann mit frischer Hefe,,,,,,,,,,,,
Weichselsuppe,,,,,,,,,,,,
Weihnachtlicher Kartoffelsalat mit Wuerstchen,,,,,,,,,,,,
Weihnachtstorte mit Bratapfel und Zimtsahne,,,,,,,,,,,,
Weinbau in Deutschland,,,,,,,,,,,,
Weisser Bohnen-Topf mit Nuernberger Wuerstchen,,,,,,,,,,,,
Weisser Sauerbraten,,,,,,,,,,,,
Weisser Spargel aus dem Backofen,,,,,,,,,,,,
Weisskohl Eintopf,,,,,,,,,,,,
Weisskohl-Gemuesesuppe mit Wuerstchen-Chips,,,,,,,,,,,,
Weisskohl-Kartoffel-Auflauf,,,,,,,,,,,,
Weisskohleintopf mit Hackbaellchen,,,,,,,,,,,,
Weisskohleintopf nach DDR Rezept,,,,,,,,,,,,
Weisskraut fermentieren,,,,,,,,,,,,
Weisswurst-Gulasch mit Spaetzle,,,,,,,,,,,,
Weltmeister Bowle,,,,,,,,,,,,
Westfaelische Goetterspeise mit Obstkompott,,,,,,,,,,,,
Wickelkloesse,,,,,,,,,,,,
Wiener Wuerstchen,,,,,,,,,,,,
Wiener Wuerstchen,,,,,,,,,,,,
Wild-Burger mit Honig-Senf-Mayo & Pastinaken-Rote-Bete-Salat,,,,,,,,,,,,
Wildschweinkeule mit Knochen,,,,,,,,,,,,
Winter-Kartoffelsalat mit Sprossen und Haehnchenfilet,,,,,,,,,,,,
Wintereintopf mit Kartoffeln und Wuerstchen,,,,,,,,,,,,
Winterliches Kartoffelgratin,,,,,,,,,,,,
Winterliches Kohl-Curry,,,,,,,,,,,,
Wirsing (als Beilage),,,,,,,,,,,,
Wirsing Lasagne,,,,,,,,,,,,
Wirsing mit Hackfleisch geschichtet,,,,,,,,,,,,
Wirsing-Fladen,,,,,,,,,,,,
Wirsing-Hackfleisch-Auflauf,,,,,,,,,,,,
Wirsing-Kartoffel-Auflauf,,,,,,,,,,,,
Wirsingeintopf,,,,,,,,,,,,
Wirsingkuchen,,,,,,,,,,,,
Wirsingrouladen in Tomatensosse (Low carb),,,,,,,,,,,,
Wirsingrouladen mit Rosmarinkartoffeln und Kraeuterquark,,,,,,,,,,,,
Wolkenkuchen DDR Rezept,,,,,,,,,,,,
Wuerstchen im Schlafrock,,,,,,,,,,,,
Wuerstchen mit Kartoffelsalat,,,,,,,,,,,,
Wuerstchen-Gulasch mit Pommes frites,,,,,,,,,,,,
Wuerzfleisch,,,,,,,,,,,,
Wuerzige Krautpfanne mit Kabanossi,,,,,,,,,,,,
Wuerzige Specktorte,,,,,,,,,,,,
Wuerzige Zwiebelsuppe mit Kraeutern,,,,,,,,,,,,
Wuerziger Fisch-Burger mit Kabeljaufilet,,,,,,,,,,,,
Wuerziger Kartoffeleintopf,,,,,,,,,,,,
Wurstgulasch,,,,,,,,,,,,
Wurzelgemuese Risotto mit Kichererbsen-Mandel-Topping,,,,,,,,,,,,
Zartes Rindergulasch im Schnellkochtopf,,,,,,,,,,,,
Zigeunerbraten,,,,,,,,,,,,
Zigeunerschnitzel,,,,,,,,,,,,
Zuckerhase,,,,,,,,,,,,
Zweierlei Berliner zu Karneval,,,,,,,,,,,,
Zwetschgen-Auflauf mit Zwieback,,,,,,,,,,,,
Zwetschgen-Ofenschlupfer,,,,,,,,,,,,
Zwetschgenkuchen,,,,,,,,,,,,
Zwetschgenkuchen mit Streuseln,,,,,,,,,,,,
Zwiebelfleisch (Kalte Kueche),,,,,,,,,,,,
Zwiebelfleisch (Schmorgericht),,,,,,,,,,,,
Zwiebelkuchen,,,,,,,,,,,,
Zwiebelkuchen mit Muerbeteig,,,,,,,,,,,,
Zwiebelkuchen mit Schmand,,,,,,,,,,,,
Zwiebelkuchen ohne Boden,,,,,,,,,,,,
Zwiebelrostbraten,,,,,,,,,,,,
Zwiebelsuppe,,,,,,,,,,,,
Zwiebelwaie,,,,,,,,,,,,
bunte Kohl-Tarte,,,,,,,,,,,,
mediterrane vegane Kaesespaetzle,,,,,,,,,,,,
vegane Kaesespaetzle mit Raeuchertofu,,,,,,,,,,,,
